scenario,method,instance,rmse,topk_jaccard,rank_tau,stability,fidelity_r2,spurious_mass,causal_gap,counterfactual_validity,runtime_ms,ci_coverage
SparseAdd,LIME-R,0,0.03562973568489499,1.0,0.7188507574477846,1.0,0.9952002475748459,0.0029184952938754363,0.3500935252214059,0.9999999762317459,0.26614998932927847,
SparseAdd,LIME-R,1,0.03404060713475344,1.0,0.7587869106393282,1.0,0.9985444500085445,0.001688041398336717,2.2750821878382794,0.9999999968765054,0.20309991668909788,
SparseAdd,LIME-R,2,0.04556859827288633,1.0,0.678914604256241,1.0,0.9949283920980301,0.0024181209539983397,0.40975756027333987,0.9999999880362197,0.19275001250207424,
SparseAdd,LIME-R,3,0.036484750580983064,1.0,0.7188507574477846,1.0,0.9945574631068188,0.0047024629043610836,0.3402909476379917,0.9999999932132769,0.19907497335225344,
SparseAdd,LIME-R,4,0.03455240063736886,1.0,0.7587869106393282,1.0,0.9975363579956789,0.002235650054312946,0.6782028609986229,0.9999999962926716,0.19240006804466248,
SparseAdd,LIME-R,5,0.03385906795328444,1.0,0.7587869106393282,1.0,0.9957781230298928,0.0011203449488159337,0.8606666461872073,0.9999999966731198,0.19185006385669112,
SparseAdd,LIME-R,6,0.03718054781283975,1.0,0.7587869106393282,1.0,0.9975530660434246,0.0009640152190266878,2.076266004792828,0.9999999963292343,0.1876999158412218,
SparseAdd,LIME-R,7,0.042136534161779426,1.0,0.7587869106393282,1.0,0.9980205159619113,0.0014038458276787063,1.3013027532249493,0.9999999839079601,0.189474958460778,
SparseAdd,LIME-R,8,0.042778921696908924,1.0,0.7587869106393282,0.7999999999999999,0.9965690266287277,0.002376821780213811,0.580770324324748,0.9999999887710538,0.34200004301965237,
SparseAdd,LIME-R,9,0.037840149072588376,1.0,0.7587869106393282,1.0,0.9970474135430558,0.003691077756040681,0.355758887345851,0.9999999904597082,0.31622505048289895,
SparseAdd,LIME-R,10,0.047945466188893913,1.0,0.7587869106393282,1.0,0.9959103049680922,0.0014453721995242475,0.6321769219280251,0.9999999952805113,0.2378250937908888,
SparseAdd,LIME-R,11,0.03339585423740781,1.0,0.7587869106393282,1.0,0.9969954977402962,0.00716818944078081,0.47255192133467083,0.9999999945243647,0.1970999874174595,
SparseAdd,KernelSHAP,0,0.02236814198457037,1.0,0.7188507574477846,1.0,0.9914541558828782,0.004098917294500047,0.33732562066476224,0.9999999762317459,0.12787501327693462,
SparseAdd,KernelSHAP,1,0.13720103924739163,1.0,0.7587869106393282,1.0,0.9944551113966079,0.00788592420579487,2.0813095081107393,0.9999999968765054,0.1155249192379415,
SparseAdd,KernelSHAP,2,0.053583983287646436,1.0,0.7188507574477846,1.0,0.9943643580038013,0.007137927219155491,0.3901111969614612,0.9999999880362197,0.104525126516819,
SparseAdd,KernelSHAP,3,0.02858276271308832,1.0,0.7587869106393282,1.0,0.9959604090143629,0.01459504214789827,0.3404928421432517,0.9999999932132769,0.12387492461130023,
SparseAdd,KernelSHAP,4,0.05831502490586676,1.0,0.7587869106393282,1.0,0.9953795301759261,0.010363880294866205,0.6306816779205391,0.9999999962926716,0.12324994895607233,
SparseAdd,KernelSHAP,5,0.06551390449012592,1.0,0.7587869106393282,1.0,0.9964554245709991,0.01518258774857609,0.773537263413969,0.9999999966731198,0.13067497638985515,
SparseAdd,KernelSHAP,6,0.11210913655684339,1.0,0.7587869106393282,1.0,0.9961508729731632,0.00544621550005541,1.9281712310169483,0.9999999963292343,0.11037499643862247,
SparseAdd,KernelSHAP,7,0.04030803487380319,1.0,0.7587869106393282,1.0,0.9945087022048997,0.0048915940933287605,1.2173488676977504,0.9999999839079601,0.112100038677454,
SparseAdd,KernelSHAP,8,0.01639234525231379,1.0,0.7587869106393282,0.6666666666666666,0.9938704137929406,0.007857079695187619,0.5409420693468692,0.9999999887710538,0.10982493404299021,
SparseAdd,KernelSHAP,9,0.05169877294589815,1.0,0.7587869106393282,1.0,0.993423514860914,0.013773149915853542,0.32936853914445746,0.9999999904597082,0.10527507402002811,
SparseAdd,KernelSHAP,10,0.06482492256512236,1.0,0.7587869106393282,1.0,0.9943589749400795,0.014510879461789942,0.5906938019656911,0.9999999952805113,0.1341250608675182,
SparseAdd,KernelSHAP,11,0.02897037029277423,1.0,0.7188507574477846,0.5111111111111111,0.9936986029499891,0.015064750522255425,0.4298775304992987,0.9999999945243647,0.17497496446594596,
SparseAdd,PEXP-Sim,0,0.23007768393803216,1.0,0.8947368421052632,1.0,0.8737634839864852,0.0,0.10003484803641607,0.9999999762317459,29.877224995288998,
SparseAdd,PEXP-Sim,1,1.0251024033950604,1.0,0.8947368421052632,1.0,0.8651604978559269,0.0,0.769811858044317,0.9999999968765054,28.62149989232421,
SparseAdd,PEXP-Sim,2,0.3391196688158455,1.0,0.7368421052631581,1.0,0.8392439097651584,0.0,0.1943882634098576,0.9999999880362197,28.270225040614605,
SparseAdd,PEXP-Sim,3,0.4622381175411955,1.0,0.8421052631578948,1.0,0.8606365389982858,0.0,0.3528194405958912,0.9999999932132769,27.246549958363175,
SparseAdd,PEXP-Sim,4,0.2563222914109222,1.0,0.8947368421052632,1.0,0.8611095604935621,0.0,0.6330113795562828,0.9999999962926716,28.35252502700314,
SparseAdd,PEXP-Sim,5,0.5022953926003524,1.0,0.8421052631578948,1.0,0.8721403793654603,0.0,0.7170178732577519,0.9999999966731198,28.66224996978417,
SparseAdd,PEXP-Sim,6,0.9538316292583374,1.0,1.0,1.0,0.8648555433190797,0.0,0.6552201545879577,0.9999999963292343,27.890575060155243,
SparseAdd,PEXP-Sim,7,1.0379589670877312,1.0,0.9473684210526317,1.0,0.8612835365626554,0.0,0.14749672090081195,0.9999999839079601,27.281849994324148,
SparseAdd,PEXP-Sim,8,0.5340760281663941,1.0,0.8421052631578948,1.0,0.8790741252828009,0.0,0.21066380097055906,0.9999999887710538,26.574049901682884,
SparseAdd,PEXP-Sim,9,0.15849878855164523,1.0,0.9473684210526317,1.0,0.8720567234854852,0.0,0.24793924060331435,0.9999999904597082,26.561625010799617,
SparseAdd,PEXP-Sim,10,0.22800721009617805,1.0,0.8947368421052632,1.0,0.839574124445034,0.0,0.48976195605329664,0.9999999952805113,27.763125021010637,
SparseAdd,PEXP-Sim,11,0.678799791629185,1.0,0.9473684210526317,1.0,0.8637095661066965,0.0,0.4365083321579344,0.9999999945243647,26.821424951776862,
SparseAdd,RealExp-O,0,0.038455819901684424,1.0,0.7188507574477846,1.0,0.9927028068285313,0.0032648382329971354,0.3479420390376741,0.9999999762317459,0.35572488559409976,
SparseAdd,RealExp-O,1,0.03559328909828699,1.0,0.7587869106393282,1.0,0.9989431526765655,0.002581938537157869,2.2701820404405395,0.9999999968765054,0.2108750632032752,
SparseAdd,RealExp-O,2,0.04494087259617868,1.0,0.678914604256241,1.0,0.9964327204039587,0.0006645980068569346,0.4131010084758835,0.9999999880362197,0.26347493985667825,
SparseAdd,RealExp-O,3,0.03903831325306605,1.0,0.7188507574477846,1.0,0.9934519824444766,0.0018547924354661905,0.340324323337141,0.9999999932132769,0.24482497246935964,
SparseAdd,RealExp-O,4,0.0342079153752976,1.0,0.7587869106393282,1.0,0.9959150286131859,0.003895710787633081,0.6739609408062534,0.9999999962926716,0.2200499875470996,
SparseAdd,RealExp-O,5,0.03419780409758469,1.0,0.7587869106393282,1.0,0.9968547951617284,0.002228252165724024,0.856666626083308,0.9999999966731198,0.242199981585145,
SparseAdd,RealExp-O,6,0.032245828413430065,1.0,0.7587869106393282,1.0,0.9979316756597283,0.0021113216500583927,2.085495361709037,0.9999999963292343,0.21329987794160843,
SparseAdd,RealExp-O,7,0.04225478981691075,1.0,0.7587869106393282,1.0,0.9980555596900585,0.0014926448679230496,1.2962820828795372,0.9999999839079601,0.20394992316141725,
SparseAdd,RealExp-O,8,0.042375103803111686,1.0,0.7587869106393282,1.0,0.9965239615360952,0.0008845463212120869,0.5835510828992745,0.9999999887710538,0.2203499316237867,
SparseAdd,RealExp-O,9,0.03952691976781045,1.0,0.7587869106393282,1.0,0.9958280058825344,0.0033345418768257525,0.3537345988275903,0.9999999904597082,0.24259992642328143,
SparseAdd,RealExp-O,10,0.04362051459465613,1.0,0.7587869106393282,1.0,0.9971083013002277,0.004591796560784321,0.6359667398709761,0.9999999952805113,0.21222513169050217,
SparseAdd,RealExp-O,11,0.03253722469270483,1.0,0.7587869106393282,1.0,0.9975100626514419,0.0044030435353509005,0.4738040528859156,0.9999999945243647,0.21169992396607995,
SparseAdd,HBS-Shapley,0,0.04790565093295324,1.0,0.7188507574477846,1.0,0.9183358124446439,0.017613770905674182,0.255657407816389,0.9999999762317459,0.5766000249423087,0.6041666666666666
SparseAdd,HBS-Shapley,1,0.4061262667150346,1.0,0.7587869106393282,1.0,0.934165973802604,0.019980307597380124,1.6362580137565652,0.9999999968765054,0.6588000105693936,0.47916666666666663
SparseAdd,HBS-Shapley,2,0.1122238808194302,1.0,0.7188507574477846,1.0,0.9313564253428137,0.02560422259505586,0.2918194049159455,0.9999999880362197,0.6358750397339463,0.5
SparseAdd,HBS-Shapley,3,0.04996750321339571,1.0,0.7587869106393282,1.0,0.9459356661242954,0.0573962836358023,0.2527130487767776,0.9999999932132769,0.42222492629662156,0.3125
SparseAdd,HBS-Shapley,4,0.12864331139864726,1.0,0.7587869106393282,1.0,0.9552013475502072,0.041265463263343745,0.5056212413041111,0.9999999962926716,0.46645000111311674,0.16666666666666666
SparseAdd,HBS-Shapley,5,0.18021636685103806,0.6,0.4392976851069795,0.6666666666666666,0.9376498868901489,0.05056284362677403,0.5530499826931632,1.0637100123902665,0.44002500362694263,0.1875
SparseAdd,HBS-Shapley,6,0.4280740305775284,1.0,0.7587869106393282,1.0,0.9252720592518274,0.016415389464260355,1.4548097707266003,0.9999999963292343,0.5868750740773976,0.5833333333333334
SparseAdd,HBS-Shapley,7,0.25371680704510546,1.0,0.7587869106393282,0.6666666666666666,0.9212772439333045,0.0082943412744755,0.9162858318944526,0.9999999839079601,0.6724250270053744,0.7083333333333334
SparseAdd,HBS-Shapley,8,0.10506254845178788,0.6,0.5591061446816102,0.6,0.9218412267723717,0.03174462364584252,0.3998263612650192,1.0276721952634973,0.480474962387234,0.6458333333333333
SparseAdd,HBS-Shapley,9,0.09168754391478816,1.0,0.7587869106393282,0.7999999999999999,0.9404053779387029,0.03096637938580288,0.26238145710678196,0.9999999904597082,0.4555000923573971,0.3541666666666667
SparseAdd,HBS-Shapley,10,0.13582139442111937,1.0,0.7587869106393282,1.0,0.9483619027459068,0.03267881643527084,0.4742598891463348,0.9999999952805113,0.8344750385731459,0.4583333333333333
SparseAdd,HBS-Shapley,11,0.08948372084079817,0.6,0.39936153191543583,0.5111111111111112,0.9356298628243609,0.046835093371430665,0.3231246522577296,1.0297387399634697,0.5215250421315432,0.3125
SparseAdd,TIDE,0,0.03445754570788442,1.0,0.7188507574477846,1.0,0.9961800453239222,0.002521673554627904,0.3612014091348461,0.9999999762317459,12.537649949081242,
SparseAdd,TIDE,1,0.33000704537711434,1.0,0.7188507574477846,1.0,0.9848589944309698,0.00017938343887540948,2.3359557869294125,0.9999999968765054,11.904125043656677,
SparseAdd,TIDE,2,0.049622624293026926,1.0,0.6389784510646974,1.0,0.9925892489624415,0.0058521360636610035,0.4029946353363434,0.9999999880362197,13.032875081989914,
SparseAdd,TIDE,3,0.0539944415134551,1.0,0.7188507574477846,1.0,0.9838705331964679,0.009723861593081638,0.31864433672674075,0.9999999932132769,12.317750020883977,
SparseAdd,TIDE,4,0.0560410115865604,1.0,0.7587869106393282,1.0,0.9955154853857228,0.0018925023514254479,0.6438042465588777,0.9999999962926716,12.220324948430061,
SparseAdd,TIDE,5,0.0991720580062605,1.0,0.7587869106393282,1.0,0.9820116115444227,0.006304592655431495,0.7723233709030787,0.9999999966731198,13.132699998095632,
SparseAdd,TIDE,6,0.13140893897868006,0.6,0.7188507574477846,0.7333333333333334,0.9922252448540365,0.0025055349126961485,1.9819710706751035,0.8587109757764864,12.854775006417185,
SparseAdd,TIDE,7,0.03519657119805687,1.0,0.7587869106393282,1.0,0.998329472214306,0.0006080041924905377,1.304566403919032,0.9999999839079601,13.080300064757466,
SparseAdd,TIDE,8,0.037734681455976415,1.0,0.7587869106393282,1.0,0.9961126452276328,0.0002174009216100823,0.5868735461804515,0.9999999887710538,12.562150019221008,
SparseAdd,TIDE,9,0.03698025868794187,1.0,0.7587869106393282,1.0,0.9975958232803492,0.0029708761706189646,0.3584538669237596,0.9999999904597082,12.273850035853684,
SparseAdd,TIDE,10,0.044620479226294814,1.0,0.7587869106393282,1.0,0.989522572708611,0.0024994952121613766,0.6350129785650918,0.9999999952805113,13.82232498144731,
SparseAdd,TIDE,11,0.036301680891297684,1.0,0.7587869106393282,1.0,0.9972497697775768,0.003242991179015441,0.4817356226868966,0.9999999945243647,12.17677490785718,
SparseAdd,OTBE,0,0.02200159464487411,1.0,0.7188507574477846,1.0,0.9866813235141672,0.004064167665330147,0.3350433921545875,0.9999999762317459,1.05157500365749,0.6666666666666666
SparseAdd,OTBE,1,0.4156608443243276,1.0,0.7188507574477846,1.0,0.9020548452209844,0.038080620924883825,1.5556477269284614,0.9999999968765054,1.17907504318282,0.375
SparseAdd,OTBE,2,0.06316945102536069,1.0,0.7188507574477846,1.0,0.9820133253246832,0.01451713441504558,0.3703486897446481,0.9999999880362197,1.01200002245605,0.5625
SparseAdd,OTBE,3,0.03160905602524551,1.0,0.7587869106393282,1.0,0.9882012466741928,0.016999189062119818,0.3219890172721356,0.9999999932132769,1.0641749249771237,0.3333333333333333
SparseAdd,OTBE,4,0.09327487554135298,1.0,0.7587869106393282,1.0,0.9755641085492426,0.03778399618207712,0.5393631599056518,0.9999999962926716,1.1283999192528427,0.12499999999999999
SparseAdd,OTBE,5,0.10739675670871894,1.0,0.7587869106393282,1.0,0.9812786723194391,0.02220601065465257,0.7092211866030709,0.9999999966731198,1.0279500856995583,0.2916666666666667
SparseAdd,OTBE,6,0.463785649473532,0.6,0.7188507574477846,0.8000000000000002,0.8809735456327423,0.07763141538132852,1.2376697317101095,0.8587109757764864,1.0197500814683735,0.35416666666666663
SparseAdd,OTBE,7,0.10555240304806945,1.0,0.7587869106393282,1.0,0.9734634927142071,0.005401285912817206,1.1246838856113055,0.9999999839079601,1.3020500191487372,0.7291666666666667
SparseAdd,OTBE,8,0.02232074518768066,1.0,0.7587869106393282,1.0,0.9889747905477182,0.008889151912200606,0.5354795892525019,0.9999999887710538,1.0067999828606844,0.6666666666666666
SparseAdd,OTBE,9,0.05320560752426818,1.0,0.7587869106393282,1.0,0.9890413808130685,0.01165028320168063,0.3268747467376524,0.9999999904597082,1.023624965455383,0.4166666666666667
SparseAdd,OTBE,10,0.07367823021156843,1.0,0.7587869106393282,1.0,0.9872915313199052,0.01759517198590696,0.5720600674371004,0.9999999952805113,1.2495999690145254,0.3333333333333333
SparseAdd,OTBE,11,0.03249980699180387,1.0,0.7587869106393282,0.7999999999999999,0.9888150863982637,0.01543431996303121,0.42678120808490766,0.9999999945243647,1.1119500850327313,0.3333333333333333
SparseAdd,OTBE-noTransport,0,0.17748175238740474,0.3333333333333333,0.47923383829852306,0.4222222222222222,-0.11135379806041627,0.1698905664702839,0.025803739989143384,2.2813388955209506,1.2131500407122076,0.6666666666666666
SparseAdd,OTBE-noTransport,1,1.4481717936264826,0.3333333333333333,0.11980845957463077,0.3142857142857143,-0.9192411385021082,0.22290017313355742,-0.06276435279312187,1.022209641125617,1.6142000094987452,0.3125
SparseAdd,OTBE-noTransport,2,0.25924374579387244,0.6,0.678914604256241,0.21904761904761902,-0.19139546365688864,0.1359340334000421,0.09352566227842689,1.3006947908387578,1.2903999886475503,0.6666666666666667
SparseAdd,OTBE-noTransport,3,0.18371167665819302,0.3333333333333333,0.3194892255323487,0.1952380952380952,-0.18747086475628705,0.11600765325997306,0.09218270767299942,0.34688740282487723,1.1716000735759735,0.6458333333333334
SparseAdd,OTBE-noTransport,4,0.4339086744612119,0.3333333333333333,0.03993615319154359,0.2825396825396825,-0.6697677515064118,0.21634491713805556,-0.08120790014420026,0.7149812654561896,1.6805999912321568,0.3958333333333333
SparseAdd,OTBE-noTransport,5,0.5419483389152124,0.6,0.39936153191543583,0.46666666666666673,-0.8989305224597184,0.12332408792864764,0.14111797344942023,0.6689232558086072,1.230149995535612,0.39583333333333337
SparseAdd,OTBE-noTransport,6,1.3947977212607507,0.14285714285714285,-0.15974461276617435,0.10317460317460318,-0.535538276098813,0.2128692531425668,-0.09241988783749105,0.14128902055274792,1.4852750464342535,0.3333333333333333
SparseAdd,OTBE-noTransport,7,0.9323841218912543,0.3333333333333333,0.5191699914900666,0.30158730158730157,-0.06325688994836619,0.15317909719017112,0.031810019087458216,1.5477196056587306,1.206599990837276,0.6666666666666666
SparseAdd,OTBE-noTransport,8,0.4934713178419459,0.3333333333333333,0.3594253787238923,0.19047619047619047,-0.21058640830693948,0.1747206307377825,0.026012513020650732,0.8373643346594127,1.187100016977638,0.6875
SparseAdd,OTBE-noTransport,9,0.25559937300585384,0.14285714285714285,-0.23961691914926153,0.2063492063492063,-0.11279842532994044,0.21691090869055213,-0.03443488392594299,0.6303371980022133,1.2196000898256898,0.6458333333333334
SparseAdd,OTBE-noTransport,10,0.4142956471979156,0.3333333333333333,0.23961691914926153,0.2825396825396825,-0.41655507151787513,0.20497859639525254,-0.001905444479847862,0.8923110959570524,1.125600014347583,0.6041666666666666
SparseAdd,OTBE-noTransport,11,0.2972404938830599,0.3333333333333333,0.23961691914926153,0.24761904761904763,-0.38588119528392223,0.19261586638301514,0.00018467043969308539,1.0094515760094314,1.1047999723814428,0.5625
SparseAdd,OTBE-noOrthogonal,0,0.021949023496173288,1.0,0.7188507574477846,1.0,0.9840697469243962,0.004854870583415072,0.32630549071376447,0.9999999762317459,1.5420499839819968,0.7291666666666667
SparseAdd,OTBE-noOrthogonal,1,0.39730385388114947,1.0,0.7188507574477846,1.0,0.9160110763738079,0.039955370561377955,1.5889361734836571,0.9999999968765054,1.381399983074516,0.3125
SparseAdd,OTBE-noOrthogonal,2,0.05514283312336327,1.0,0.7188507574477846,1.0,0.9912352777403949,0.006487286421825301,0.3885900094158832,0.9999999880362197,1.1171749792993069,0.45833333333333337
SparseAdd,OTBE-noOrthogonal,3,0.028545955570010228,1.0,0.7587869106393282,1.0,0.9882091113050897,0.021403654928222313,0.3237193029569362,0.9999999932132769,1.1826999834738672,0.16666666666666666
SparseAdd,OTBE-noOrthogonal,4,0.08030156615120604,1.0,0.7587869106393282,1.0,0.9821163078599693,0.024719723041376637,0.5799814478323111,0.9999999962926716,0.9843999869190156,0.020833333333333332
SparseAdd,OTBE-noOrthogonal,5,0.08953849133222366,1.0,0.7587869106393282,1.0,0.9875908382042262,0.020373779859010423,0.7356104860715691,0.9999999966731198,0.9678750648163259,0.12499999999999999
SparseAdd,OTBE-noOrthogonal,6,0.45416176981783285,0.6,0.7188507574477846,1.0,0.8905446772844441,0.07081398076155161,1.2900912202810253,0.8587109757764864,1.4677999424748123,0.4791666666666667
SparseAdd,OTBE-noOrthogonal,7,0.12515921642169034,1.0,0.7587869106393282,1.0,0.9690780588209751,0.014084420030372007,1.0741056398965478,0.9999999839079601,1.0502999648451805,0.6458333333333334
SparseAdd,OTBE-noOrthogonal,8,0.02496702748689608,1.0,0.7587869106393282,0.6666666666666666,0.9858876403538142,0.008692205261054253,0.5188234294922603,0.9999999887710538,0.9525750065222383,0.6458333333333334
SparseAdd,OTBE-noOrthogonal,9,0.0587688932489397,1.0,0.7587869106393282,1.0,0.9845844878889651,0.01299226594252241,0.3193917349158291,0.9999999904597082,1.5103750047273934,0.22916666666666669
SparseAdd,OTBE-noOrthogonal,10,0.07396646563019879,1.0,0.7587869106393282,1.0,0.9878887354848658,0.015367601770810237,0.5736085897275723,0.9999999952805113,1.383825030643493,0.18749999999999997
SparseAdd,OTBE-noOrthogonal,11,0.037517886660050646,0.6,0.678914604256241,0.7999999999999999,0.98468113014279,0.024492410785421602,0.4109344374409195,1.0297387399634697,1.0545750265009701,0.14583333333333331
SparseAdd,OTBE-noBootstrap,0,0.023768880722942712,1.0,0.7188507574477846,1.0,0.990367270359894,0.0024030290977132955,0.3396178638968686,0.9999999762317459,0.4006249364465475,0.0
SparseAdd,OTBE-noBootstrap,1,0.5332578646067312,1.0,0.678914604256241,1.0,0.8685155756557479,0.029162611915248007,1.4393711573315222,0.9999999968765054,0.3585249651223421,0.0
SparseAdd,OTBE-noBootstrap,2,0.06280093975988621,1.0,0.7188507574477846,1.0,0.9874670509013195,0.00889231349841524,0.37463152408771894,0.9999999880362197,0.348100031260401,0.0
SparseAdd,OTBE-noBootstrap,3,0.02950640736430166,1.0,0.7587869106393282,1.0,0.9905916095566167,0.014996196051497475,0.32817546012767906,0.9999999932132769,0.39282499346882105,0.0
SparseAdd,OTBE-noBootstrap,4,0.08432788381971024,1.0,0.7587869106393282,1.0,0.981718316744972,0.03649181319993807,0.55320028016976,0.9999999962926716,0.39852509507909417,0.0
SparseAdd,OTBE-noBootstrap,5,0.12844783517381358,1.0,0.7587869106393282,0.7999999999999999,0.9695956560751274,0.043128637590225026,0.6603846029274782,0.9999999966731198,0.3878500428982079,0.0
SparseAdd,OTBE-noBootstrap,6,0.5474602896731805,0.6,0.7188507574477846,1.0,0.8491413043204734,0.10385795267594328,1.094401720732638,0.8587109757764864,0.3703999682329595,0.0
SparseAdd,OTBE-noBootstrap,7,0.06711232140934342,1.0,0.7587869106393282,0.8000000000000002,0.9868562484646193,0.006883389055103943,1.1605607703351801,0.9999999839079601,0.3853000234812498,0.0
SparseAdd,OTBE-noBootstrap,8,0.026414894307696564,1.0,0.7587869106393282,0.6,0.9914467406577017,0.006336147054773613,0.5475595151212721,0.9999999887710538,0.3827249747700989,0.0
SparseAdd,OTBE-noBootstrap,9,0.06358347865802534,1.0,0.7587869106393282,1.0,0.9804407133878271,0.01628478342400701,0.30942931245277383,0.9999999904597082,0.3761500702239573,0.0
SparseAdd,OTBE-noBootstrap,10,0.07765691546837229,1.0,0.7587869106393282,1.0,0.9874722604320856,0.019946786314311904,0.5672588499609046,0.9999999952805113,0.3536498988978565,0.0
SparseAdd,OTBE-noBootstrap,11,0.029925889159846116,1.0,0.7188507574477846,0.37777777777777777,0.9871172578828333,0.02081883164375442,0.40992915266343116,0.9999999945243647,0.35592500353232026,0.0
CorrBias,LIME-R,0,0.03475121412501599,1.0,0.7587869106393282,1.0,0.9942121445987437,0.004021909980330867,1.0284921935578164,0.9999999965945233,0.18277502385899425,
CorrBias,LIME-R,1,0.02080780494152339,1.0,0.7587869106393282,1.0,0.9945952103363824,0.0029131716963120727,1.0117765347306444,0.9999999937121087,0.1863249926827848,
CorrBias,LIME-R,2,0.03552451783429575,1.0,0.7587869106393282,1.0,0.9931493244835293,0.006296574531536888,1.3155933674806384,0.999999997436539,0.21337502403184772,
CorrBias,LIME-R,3,0.058642801793085605,1.0,0.7587869106393282,1.0,0.9906985167565336,0.002969639312435693,0.6221923425388036,0.9999999835778915,0.17122499411925673,
CorrBias,LIME-R,4,0.01791424542922773,1.0,0.7587869106393282,1.0,0.997133922667813,0.0005608856677689227,1.1969506476219731,0.9999999979373903,0.25842501781880856,
CorrBias,LIME-R,5,0.06395699893791675,1.0,0.7587869106393282,1.0,0.9938630901456122,0.00700149642421076,1.072512326029012,0.9999999961090749,0.17659994773566723,
CorrBias,LIME-R,6,0.05651899191842987,1.0,0.7188507574477846,1.0,0.9920982159180403,0.006863461102429396,0.44030851047686004,0.9999999360532587,0.20067504374310374,
CorrBias,LIME-R,7,0.05438343442252518,0.6,0.678914604256241,0.6666666666666666,0.9903360416191154,0.014986042955306506,0.230582417316952,1.0036892147435503,0.22435002028942108,
CorrBias,LIME-R,8,0.02917298870285648,1.0,0.7587869106393282,1.0,0.9971681135144919,0.0046187864326699395,1.4590118208900353,0.9999999975853633,0.1842500059865415,
CorrBias,LIME-R,9,0.061885792744027245,1.0,0.7587869106393282,0.6666666666666666,0.9917076786943473,0.008237972832829973,0.8205939207856766,0.9999999955811668,0.18622493371367455,
CorrBias,LIME-R,10,0.058299773462358796,1.0,0.7587869106393282,0.7333333333333334,0.9945199621818535,0.003984036344039927,0.9081014948885964,0.9999999973070005,0.17297494923695922,
CorrBias,LIME-R,11,0.05785878900592445,1.0,0.7188507574477846,1.0,0.9891365651188201,0.0003813509719586924,0.24146424586984125,0.9999997193420527,0.1871250569820404,
CorrBias,KernelSHAP,0,0.0686451861222867,0.6,0.4392976851069795,0.6,0.9928286338625605,0.012404519515469205,0.9566096513967571,1.0145460745787689,0.13179995585232973,
CorrBias,KernelSHAP,1,0.045699592450413364,1.0,0.7587869106393282,1.0,0.9941276348884822,0.003949480363220925,0.9502084803584925,0.9999999937121087,0.1047999830916524,
CorrBias,KernelSHAP,2,0.04289850044571556,1.0,0.7587869106393282,1.0,0.9954090420780702,0.010749481506897847,1.2127847808286227,0.999999997436539,0.1011500135064125,
CorrBias,KernelSHAP,3,0.06012539255854516,1.0,0.7587869106393282,1.0,0.9931887542849105,0.00021620570696220047,0.6058941856252918,0.9999999835778915,0.10010006371885538,
CorrBias,KernelSHAP,4,0.06418438753722953,1.0,0.7587869106393282,1.0,0.9947011861013273,0.0148873511836106,1.1138765744755788,0.9999999979373903,0.132500019390136,
CorrBias,KernelSHAP,5,0.08672266377898036,1.0,0.7587869106393282,0.8000000000000002,0.9943569829183958,0.006818402151290279,1.0428435500173467,0.9999999961090749,0.0984750222414732,
CorrBias,KernelSHAP,6,0.028367389557505052,1.0,0.7587869106393282,1.0,0.9957422999678915,0.003560507213228277,0.45229555417726863,0.9999999360532587,0.14182488666847348,
CorrBias,KernelSHAP,7,0.03462469350143882,0.6,0.678914604256241,0.6666666666666666,0.993200299946621,0.015689106101042006,0.23943941432257834,1.0036892147435503,0.1084249815903604,
CorrBias,KernelSHAP,8,0.09605890279717466,1.0,0.7587869106393282,1.0,0.9949967751627318,0.011001476125232069,1.3523110150980264,0.9999999975853633,0.09834999218583107,
CorrBias,KernelSHAP,9,0.06290155653801416,1.0,0.7587869106393282,0.6666666666666666,0.9934274781524506,0.01275957163511713,0.7866226024032511,0.9999999955811668,0.10742509039118886,
CorrBias,KernelSHAP,10,0.07941351240945867,0.6,0.5591061446816102,0.6666666666666666,0.9956497057388953,0.01581287875643566,0.8618516148393351,1.0115831631668082,0.13949995627626777,
CorrBias,KernelSHAP,11,0.02895047931242303,1.0,0.7188507574477846,1.0,0.9935315897465434,0.0017051450325956336,0.25606684486512726,0.9999997193420527,0.10422500781714916,
CorrBias,PEXP-Sim,0,0.5797862412865528,1.0,0.9473684210526317,1.0,0.8770050457041993,0.0,0.7118687131754586,0.9999999965945233,26.352799963206053,
CorrBias,PEXP-Sim,1,1.1102907384124037,1.0,0.8947368421052632,1.0,0.9013453673529133,0.0,0.3831351376093983,0.9999999937121087,26.66922507341951,
CorrBias,PEXP-Sim,2,1.7933451417738067,1.0,0.8421052631578948,1.0,0.9078433399202648,0.0,0.9457837594007992,0.999999997436539,28.352799999993294,
CorrBias,PEXP-Sim,3,0.3651707338352237,1.0,0.9473684210526317,1.0,0.8794837133616418,0.0,0.146243055386558,0.9999999835778915,26.86365001136437,
CorrBias,PEXP-Sim,4,2.1368875085369092,1.0,0.8421052631578948,1.0,0.8704357079726232,0.0,1.173769669374004,0.9999999979373903,27.199875039514154,
CorrBias,PEXP-Sim,5,0.37011030669042594,1.0,1.0,1.0,0.8931186684247261,0.0,0.6141875091943247,0.9999999961090749,27.00670005287975,
CorrBias,PEXP-Sim,6,0.3356277984594472,1.0,0.8947368421052632,1.0,0.8854389525351198,0.0,0.03768348933650205,0.9999999360532587,26.646625017747283,
CorrBias,PEXP-Sim,7,0.2837081696426103,1.0,0.8421052631578948,1.0,0.8851076392047883,0.0,0.2559285934844861,0.9999999905246266,26.809449947904795,
CorrBias,PEXP-Sim,8,0.4037042792555872,1.0,0.9473684210526317,1.0,0.8918445502195839,0.0,1.0024193495591627,0.9999999975853633,27.271625061985105,
CorrBias,PEXP-Sim,9,1.3241417206964252,1.0,0.8947368421052632,1.0,0.8912654605498691,0.0,0.5511973380393834,0.9999999955811668,27.232699911110103,
CorrBias,PEXP-Sim,10,0.08756670876580798,1.0,0.9473684210526317,1.0,0.8941523871202598,0.0,0.9027130435517214,0.9999999973070005,26.881425001192838,
CorrBias,PEXP-Sim,11,0.18883283002437906,1.0,0.7368421052631581,1.0,0.8958274528448354,0.0,0.008667814335355836,0.9999997193420527,26.469075004570186,
CorrBias,RealExp-O,0,0.03949913482562208,1.0,0.7587869106393282,0.7999999999999999,0.9920612488946037,0.0048972719566511905,1.0324376067263894,0.9999999965945233,0.26227504713460803,
CorrBias,RealExp-O,1,0.025079637212909144,1.0,0.7587869106393282,1.0,0.9966787192299865,0.0031925496345810026,1.017875099231931,0.9999999937121087,0.21212507272139192,
CorrBias,RealExp-O,2,0.03667885165185287,1.0,0.7587869106393282,1.0,0.9937405666585342,0.006543180334632577,1.3186303032795468,0.999999997436539,0.20800007041543722,
CorrBias,RealExp-O,3,0.05521920109920592,1.0,0.7587869106393282,1.0,0.992045989463268,0.0015667808254352738,0.628137526250538,0.9999999835778915,0.20717497682198882,
CorrBias,RealExp-O,4,0.01925969650368848,1.0,0.7587869106393282,1.0,0.9966734021027417,0.000836666661903371,1.1916049111193787,0.9999999979373903,0.20640000002458692,
CorrBias,RealExp-O,5,0.06140928540041452,1.0,0.7587869106393282,0.8000000000000002,0.9936746855587448,0.004178155946163741,1.0771104753363723,0.9999999961090749,0.2062749699689448,
CorrBias,RealExp-O,6,0.05818747417231397,1.0,0.7188507574477846,1.0,0.986888252652815,0.00762370378508869,0.43621446210671866,0.9999999360532587,0.21267501870170236,
CorrBias,RealExp-O,7,0.05182868046209137,0.6,0.7188507574477846,0.6666666666666666,0.9905653209447318,0.0027667020560943594,0.2358303904401573,1.0036892147435503,0.2735750749707222,
CorrBias,RealExp-O,8,0.018543111585339403,1.0,0.7587869106393282,1.0,0.9965507377743474,0.0031563181593079435,1.4884975178578894,0.9999999975853633,0.27220003539696336,
CorrBias,RealExp-O,9,0.056302840580032446,1.0,0.7587869106393282,1.0,0.9949123722347213,0.009518331299416012,0.8287474663029497,0.9999999955811668,0.21487503545358777,
CorrBias,RealExp-O,10,0.06285250760557759,1.0,0.7587869106393282,0.8000000000000002,0.9940788475983297,0.0010748631558801466,0.9049361274541305,0.9999999973070005,0.20975008374080062,
CorrBias,RealExp-O,11,0.05470238298274344,1.0,0.7188507574477846,1.0,0.9858008249128518,0.002586589221124381,0.23989779422153054,0.9999997193420527,0.20527502056211233,
CorrBias,HBS-Shapley,0,0.21072531330530142,0.6,0.4392976851069795,0.6666666666666666,0.9341763413085162,0.045701997978316145,0.6969350733276033,1.0145460745787689,0.4305500187911093,0.4583333333333333
CorrBias,HBS-Shapley,1,0.20455012266324418,1.0,0.7587869106393282,1.0,0.9288080280222903,0.021146464711688188,0.7278110788305537,0.9999999937121087,0.44682499719783664,0.6875
CorrBias,HBS-Shapley,2,0.2023487597649913,1.0,0.7587869106393282,1.0,0.9443264568183494,0.042821255447384556,0.9165843331634104,0.999999997436539,0.4328000359237194,0.41666666666666663
CorrBias,HBS-Shapley,3,0.14542770951697778,1.0,0.7587869106393282,0.8000000000000002,0.9275272359403814,0.01055531806352428,0.46788509171786863,0.9999999835778915,0.4963999381288886,0.5416666666666666
CorrBias,HBS-Shapley,4,0.24667340604159552,1.0,0.7587869106393282,0.7999999999999999,0.9538128947610245,0.027613596665002314,0.9264850278263359,0.9999999979373903,0.7586000137962401,0.49999999999999994
CorrBias,HBS-Shapley,5,0.2271348063063238,1.0,0.7587869106393282,0.6666666666666666,0.9472555706626582,0.02240016978487016,0.8318558658182786,0.9999999961090749,0.7714750245213509,0.625
CorrBias,HBS-Shapley,6,0.08274670796869575,1.0,0.7587869106393282,1.0,0.9375887910888595,0.010467659403051312,0.34976277777832804,0.9999999360532587,0.7509500137530267,0.5833333333333334
CorrBias,HBS-Shapley,7,0.059719287072103215,0.6,0.5591061446816102,0.6666666666666666,0.9524095744158555,0.03596229379034566,0.19934079283334277,1.0036892147435503,0.7623499259352684,0.25
CorrBias,HBS-Shapley,8,0.31147576324455895,1.0,0.7188507574477846,1.0,0.935632099354162,0.03685129050767987,0.993448474593206,0.9999999975853633,0.6416000542230904,0.3541666666666667
CorrBias,HBS-Shapley,9,0.23379447491088445,0.6,0.5990422978731538,0.7333333333333334,0.9227687245992887,0.031171008832407178,0.5859378596698154,1.0239743987131549,0.5881250253878534,0.5
CorrBias,HBS-Shapley,10,0.21991932132147773,0.6,0.4392976851069795,0.6666666666666666,0.9495930889113657,0.03793509412488624,0.7062813129910482,1.0115831631668082,0.4493000451475382,0.5833333333333334
CorrBias,HBS-Shapley,11,0.059027417729331615,1.0,0.7188507574477846,1.0,0.9270456390561725,0.01807401541801907,0.1939068639269382,0.9999997193420527,0.4067000118084252,0.6666666666666666
CorrBias,TIDE,0,0.052754789584804083,1.0,0.7587869106393282,0.7333333333333334,0.9936892160343246,0.005669954562999004,0.9959040256406744,0.9999999965945233,14.511375047732145,
CorrBias,TIDE,1,0.01985446856189014,1.0,0.7587869106393282,0.7999999999999999,0.9910943298723877,0.01441173334065715,0.9788658026072223,0.9999999937121087,12.086999951861799,
CorrBias,TIDE,2,0.15839177791510406,1.0,0.678914604256241,1.0,0.9921023270483702,0.02363404929173485,1.130981363574273,0.999999997436539,12.403025000821799,
CorrBias,TIDE,3,0.06476381819566777,1.0,0.7587869106393282,1.0,0.9816778723308938,0.007957867967555224,0.6105831217778044,0.9999999835778915,12.561624986119568,
CorrBias,TIDE,4,0.023750044036679185,1.0,0.7587869106393282,1.0,0.9981086201875811,0.00025871854302462956,1.211567143746347,0.9999999979373903,12.478725053369999,
CorrBias,TIDE,5,0.09023672791179753,1.0,0.7587869106393282,0.6666666666666666,0.9941638133381024,0.015650092931731023,1.0400508777128836,0.9999999961090749,12.31830008327961,
CorrBias,TIDE,6,0.03791045893868031,1.0,0.7188507574477846,1.0,0.9963888659200979,0.004020459454308624,0.4639564900499637,0.9999999360532587,12.809825013391674,
CorrBias,TIDE,7,0.0359194858654643,0.6,0.678914604256241,0.6666666666666666,0.9959249044068361,0.013928190579753441,0.24881247331468004,1.0036892147435503,12.622825044672936,
CorrBias,TIDE,8,0.20120765355435669,1.0,0.678914604256241,1.0,0.9927591570466308,0.015091339551074912,1.2788239940837312,0.9999999975853633,12.232925044372678,
CorrBias,TIDE,9,0.04079581275963613,1.0,0.7587869106393282,1.0,0.996956331029778,0.0013387601882282685,0.8565584641752716,0.9999999955811668,12.865950004197657,
CorrBias,TIDE,10,0.05516767298384248,1.0,0.7587869106393282,0.8000000000000002,0.9933865993716349,0.005612576359735874,0.9076032501103093,0.9999999973070005,12.551925028674304,
CorrBias,TIDE,11,0.040823118218236,1.0,0.7188507574477846,0.8000000000000002,0.9909066574968195,0.0040262377744406655,0.2581953296877457,0.9999997193420527,12.30717496946454,
CorrBias,OTBE,0,0.09163735767098552,0.6,0.6389784510646974,0.6666666666666666,0.9816242833183697,0.020988971315823488,0.9113917231313399,1.0145460745787689,0.9672250016592443,0.47916666666666674
CorrBias,OTBE,1,0.10610841634429376,1.0,0.7587869106393282,1.0,0.9730202556509859,0.023361305691941753,0.8544560043711498,0.9999999937121087,1.2512000394053757,0.5625
CorrBias,OTBE,2,0.13610436825746386,1.0,0.7587869106393282,1.0,0.9621354469972547,0.04014842328390582,1.0149604016375695,0.999999997436539,0.930550042539835,0.3333333333333333
CorrBias,OTBE,3,0.07486382076886858,1.0,0.7587869106393282,1.0,0.9781295883169987,0.0029475514999605444,0.5807747344862652,0.9999999835778915,0.9828000329434872,0.5
CorrBias,OTBE,4,0.21782593200176875,0.6,0.7188507574477846,0.7999999999999999,0.9494231517960684,0.06567277568224607,0.8683373922206956,0.9730143098979948,1.2549999519251287,0.25
CorrBias,OTBE,5,0.14926689398195395,0.6,0.7188507574477846,0.7999999999999999,0.9731788022167329,0.027750872940827672,0.9275175205734948,0.9793310607469429,0.9871000074781477,0.4166666666666667
CorrBias,OTBE,6,0.03447992996551729,1.0,0.7587869106393282,1.0,0.9868956268376726,0.002305753552822232,0.43438713523748484,0.9999999360532587,1.0242499993182719,0.6458333333333334
CorrBias,OTBE,7,0.03649330653772757,0.6,0.4392976851069795,1.0,0.9915328285679348,0.021460813990294453,0.23141940165679187,1.0036892147435503,1.076799992006272,0.33333333333333337
CorrBias,OTBE,8,0.250892778307512,1.0,0.7587869106393282,1.0,0.9455509519171108,0.04964352558820553,1.073856971723272,0.9999999975853633,1.0289500351063907,0.3958333333333333
CorrBias,OTBE,9,0.1397028202025097,0.6,0.39936153191543583,1.0,0.9594548584761871,0.04347872572777764,0.6452237001174311,1.0239743987131549,0.9811999625526369,0.625
CorrBias,OTBE,10,0.17239349436158016,0.6,0.4392976851069795,0.6,0.9676433642477718,0.024914104798303794,0.7598069868102597,1.0115831631668082,0.987974985036999,0.3333333333333333
CorrBias,OTBE,11,0.03186978903845585,1.0,0.7188507574477846,1.0,0.9807531731411703,0.0011078825030689818,0.24657138647496007,0.9999997193420527,1.269900007173419,0.5833333333333334
CorrBias,OTBE-noTransport,0,0.6436444245252159,0.3333333333333333,0.03993615319154359,0.41269841269841273,-0.9700885298552626,0.22695881588465108,-0.0591764921703522,1.2359237004312642,1.2024250463582575,0.29166666666666663
CorrBias,OTBE-noTransport,1,0.6875032279178469,0.3333333333333333,0.23961691914926153,0.18253968253968253,-0.3850173720262998,0.15264130341999735,0.07207314325557077,0.7138277176641722,1.206575019750744,0.625
CorrBias,OTBE-noTransport,2,0.7724530312621691,0.14285714285714285,0.11980845957463077,0.32698412698412693,-1.7234184719178556,0.21746915616879356,-0.1053194440284756,0.6926553942722822,1.208100002259016,0.22916666666666669
CorrBias,OTBE-noTransport,3,0.4321542252290171,0.6,0.4392976851069795,0.23809523809523805,-0.08669231033623523,0.05376739120791017,0.06800921824579917,0.7846770867883474,1.1351750581525266,0.625
CorrBias,OTBE-noTransport,4,0.9476154671360539,0.3333333333333333,0.19968076595771792,0.18253968253968253,-2.1882410558779504,0.19369847884030286,-0.02107700137164159,0.8557358584090228,1.2603250215761364,0.375
CorrBias,OTBE-noTransport,5,0.8560235500685835,0.6,0.5990422978731538,0.23809523809523805,-0.6263728964640249,0.1406517217736115,0.09464616223068478,0.9793310607469429,1.314025023020804,0.47916666666666663
CorrBias,OTBE-noTransport,6,0.29521863100550083,0.14285714285714285,0.0,0.3142857142857143,-0.11744640578920573,0.10428263506997659,0.0521100495593466,2.836781223187081,1.1959249386563897,0.7708333333333333
CorrBias,OTBE-noTransport,7,0.18387629818719156,0.3333333333333333,0.11980845957463077,0.18253968253968253,-0.10598867140067901,0.13805270089941313,0.062119045902733594,0.5536851135411209,1.1931249755434692,0.625
CorrBias,OTBE-noTransport,8,0.9365480056366444,0.14285714285714285,0.23961691914926153,0.23809523809523805,-1.889614937882306,0.17202595326686967,0.03895906619490991,0.7873635659711024,1.2182999635115266,0.22916666666666666
CorrBias,OTBE-noTransport,9,0.7700099233219667,0.3333333333333333,-0.03993615319154359,0.26190476190476186,-0.7005307487386471,0.18410604357339594,-0.04739989518133622,1.2731314530580087,1.1295000440441072,0.4166666666666667
CorrBias,OTBE-noTransport,10,0.7846236838587535,0.3333333333333333,0.23961691914926153,0.2825396825396825,-1.2697119972972906,0.25262489033293606,-0.11710927905171642,0.9511438119068811,1.5594749129377306,0.4166666666666667
CorrBias,OTBE-noTransport,11,0.19649152446959375,0.14285714285714285,-0.07987230638308718,0.18253968253968253,-0.051467853361009695,0.20667026850714912,0.008370726393720607,5.044490021372968,1.3888500398024917,0.75
CorrBias,OTBE-noOrthogonal,0,0.08886814226440888,0.6,0.47923383829852306,1.0,0.9856576420703683,0.028069983899604717,0.913135845628959,1.0145460745787689,1.0345250484533608,0.39583333333333337
CorrBias,OTBE-noOrthogonal,1,0.08989075384650082,1.0,0.7587869106393282,1.0,0.9750145597459816,0.01818226877687288,0.8686154193012146,0.9999999937121087,1.2462999438866973,0.6666666666666666
CorrBias,OTBE-noOrthogonal,2,0.11795185342446994,1.0,0.7587869106393282,1.0,0.9690464077410659,0.032531908208606464,1.0551499068865653,0.999999997436539,1.0157249635085464,0.3333333333333333
CorrBias,OTBE-noOrthogonal,3,0.07326199861039955,1.0,0.7587869106393282,1.0,0.9834575945165887,0.007039430561862349,0.5796739477139469,0.9999999835778915,1.0435000876896083,0.4791666666666667
CorrBias,OTBE-noOrthogonal,4,0.21356558467891817,0.6,0.7188507574477846,0.7999999999999999,0.9523501945536885,0.05907476542476055,0.8988640929471139,0.9730143098979948,1.2274249456822872,0.14583333333333331
CorrBias,OTBE-noOrthogonal,5,0.1874546974669212,0.6,0.7188507574477846,1.0,0.9598335996440904,0.0374565556319277,0.8739201406985109,0.9793310607469429,1.0132750030606985,0.25
CorrBias,OTBE-noOrthogonal,6,0.03831099409569299,1.0,0.7587869106393282,1.0,0.9861858306946534,0.002347169381677878,0.433311643330676,0.9999999360532587,1.0397499427199364,0.6875
CorrBias,OTBE-noOrthogonal,7,0.03740503310790363,0.6,0.4392976851069795,0.6666666666666666,0.9892704811693518,0.018464166354325986,0.23603893345568833,1.0036892147435503,1.2158750323578715,0.0625
CorrBias,OTBE-noOrthogonal,8,0.22035817463651675,1.0,0.7587869106393282,1.0,0.953655644421836,0.04406870761536873,1.1152822931751216,0.9999999975853633,1.2039499706588686,0.14583333333333334
CorrBias,OTBE-noOrthogonal,9,0.1250002592962101,0.6,0.5591061446816102,0.7999999999999999,0.9662515767291602,0.038974264284083036,0.6741488127727122,1.0239743987131549,1.0616749641485512,0.4375
CorrBias,OTBE-noOrthogonal,10,0.1433307064497269,0.6,0.4392976851069795,1.0,0.9769120256905126,0.039060900551215916,0.7627596434394064,1.0115831631668082,1.1641000746749341,0.24999999999999997
CorrBias,OTBE-noOrthogonal,11,0.033506963380275874,1.0,0.7188507574477846,1.0,0.984332461175808,0.0022905422484113085,0.24962565660832464,0.9999997193420527,1.0784249752759933,0.6875
CorrBias,OTBE-noBootstrap,0,0.1279109198154082,0.6,0.47923383829852306,0.6666666666666666,0.9748466962120592,0.026528632828348917,0.8668941668753961,1.0145460745787689,0.41432492434978485,0.0
CorrBias,OTBE-noBootstrap,1,0.10772570022966813,1.0,0.7587869106393282,1.0,0.970258001443151,0.017435363123298967,0.8656807298064607,0.9999999937121087,0.38349995156750083,0.0
CorrBias,OTBE-noBootstrap,2,0.11871015885799417,1.0,0.7587869106393282,1.0,0.968492044715709,0.04761020488099196,1.0219132642355966,0.999999997436539,0.38460001815110445,0.0
CorrBias,OTBE-noBootstrap,3,0.07723187644761831,1.0,0.7587869106393282,1.0,0.981072738427696,0.0039056776940961766,0.5757770734560033,0.9999999835778915,0.43444999027997255,0.0
CorrBias,OTBE-noBootstrap,4,0.1948586171995868,1.0,0.7587869106393282,0.6,0.9538649771931975,0.04107521944770088,0.9400897459823288,0.9999999979373903,0.5951250204816461,0.0
CorrBias,OTBE-noBootstrap,5,0.13862990169632824,0.6,0.7188507574477846,0.6666666666666666,0.9803706725313945,0.013547978987278083,0.9582485505772389,0.9793310607469429,0.5742500070482492,0.0
CorrBias,OTBE-noBootstrap,6,0.033712335695649166,1.0,0.7587869106393282,1.0,0.9892961707545851,0.0073139984446061665,0.43491262121407,0.9999999360532587,0.5550000350922346,0.0
CorrBias,OTBE-noBootstrap,7,0.03421285838238771,0.6,0.6389784510646974,0.6666666666666666,0.9951045403238328,0.015698452165880752,0.23920299250793975,1.0036892147435503,0.41639996925368905,0.0
CorrBias,OTBE-noBootstrap,8,0.22186425684956063,1.0,0.7587869106393282,1.0,0.9592149357530185,0.05760759676739007,1.0973255118536815,0.9999999975853633,0.4098249482922256,0.0
CorrBias,OTBE-noBootstrap,9,0.1321932741496268,0.6,0.678914604256241,0.6666666666666666,0.9668632026646959,0.04909026881927636,0.6576668223636241,1.0239743987131549,0.38077501812949777,0.0
CorrBias,OTBE-noBootstrap,10,0.13273117170432847,0.6,0.5990422978731538,0.6,0.9790812505716678,0.0449642695599248,0.7566896968760543,1.0115831631668082,0.5534000229090452,0.0
CorrBias,OTBE-noBootstrap,11,0.02756930573225595,1.0,0.7188507574477846,1.0,0.9866012942453976,0.001993443664567527,0.2533922972189281,0.9999997193420527,0.5673000123351812,0.0
Interact,LIME-R,0,0.2503939144794303,1.0,0.816496580927726,0.7999999999999999,0.5702975255950589,0.038091705301587765,0.33587434900140434,1.0430279580585973,0.29472506139427423,
Interact,LIME-R,1,0.1886562871641883,0.6,0.6309291761714246,0.6666666666666666,0.8948515243726322,0.01211572165677307,0.7329226740667474,1.0014312013975388,0.2861999673768878,
Interact,LIME-R,2,0.04664792343505046,0.6,0.7422696190252054,0.6666666666666666,0.550960775703622,0.06759174208466769,0.22099322047545122,1.597022669935756,0.3010999644175172,
Interact,LIME-R,3,0.21327063079366726,1.0,0.7422696190252054,1.0,0.4005437573692837,0.03195959636853138,1.0552052674654346,0.5539953711029069,0.2998249838128686,
Interact,LIME-R,4,0.060928849865230755,1.0,0.7051561380739453,1.0,0.6117199413416583,0.0281485270538558,0.32327289123139846,1.0077069212229441,0.28472498524934053,
Interact,LIME-R,5,0.12534483451042286,0.6,0.668042657122685,0.7999999999999999,0.6570203674857191,0.13652660228764707,0.18690926630724847,0.729712810431793,0.1992749166674912,
Interact,LIME-R,6,0.09068051809312143,0.6,0.668042657122685,0.6,0.5913901838746318,0.037592633913321176,0.29451058697241383,0.8706613642476675,0.18445000750944018,
Interact,LIME-R,7,0.1753990113173325,0.6,0.3711348095126027,0.6666666666666666,0.6682098017664626,0.06991033598400029,0.1851508962147191,3.412197682625664,0.2404249389655888,
Interact,LIME-R,8,0.15151486029914213,0.6,0.668042657122685,1.0,0.6775140203132102,0.020974560842987506,0.45908117698002887,0.660692880033645,0.19920006161555648,
Interact,LIME-R,9,0.19479890522874696,0.6,0.7051561380739453,0.6666666666666666,0.6608518563920271,0.02402485570930777,0.9567835973820584,0.5946998613322176,0.19412493566051126,
Interact,LIME-R,10,0.1293392944936364,0.6,0.668042657122685,0.6666666666666666,0.5078768753659153,0.011852338723477083,0.2917632055208671,0.8261880652404208,0.22439996246248484,
Interact,LIME-R,11,0.11964437901534616,1.0,0.7422696190252054,0.6666666666666666,0.48798220281355664,0.043509916211317584,0.7382195541515746,0.9601859417763134,0.2194250118918717,
Interact,KernelSHAP,0,0.044529703073796195,1.0,0.816496580927726,1.0,0.981492153305652,0.009932732751589016,0.4371200431703502,1.0430279580585973,0.11612504022195935,
Interact,KernelSHAP,1,0.07297625065278282,0.6,0.668042657122685,0.6666666666666666,0.9950782195429617,0.00639324034590763,0.8082140621280913,1.0014312013975388,0.15712506137788296,
Interact,KernelSHAP,2,0.0389534305981043,1.0,0.816496580927726,0.6666666666666666,0.470836526242002,0.02177951955088343,0.2878195576952217,1.1761440505748577,0.11782499495893717,
Interact,KernelSHAP,3,0.1522943697396355,1.0,0.816496580927726,1.0,0.7100217924410648,0.024813022218631207,1.2997468702026187,0.5539953711029069,0.11512497439980507,
Interact,KernelSHAP,4,0.02025894638921617,1.0,0.5567022142689041,0.6666666666666666,0.9668201044416438,0.018130197934841195,0.25270086555533533,1.0077069212229441,0.11547503527253866,
Interact,KernelSHAP,5,0.05165873376156587,1.0,0.7051561380739453,1.0,0.6329460511344253,0.021317995092513992,0.23664966196157694,0.931164184782109,0.11192506644874811,
Interact,KernelSHAP,6,0.03766076236056081,0.6,0.816496580927726,1.0,0.9636739853949032,0.0028301300423996395,0.30078642620865625,1.0273841081009012,0.20645000040531158,
Interact,KernelSHAP,7,0.02005068761632556,1.0,0.816496580927726,1.0,0.9942537651790652,0.004545544969077245,0.2909143054442996,0.9747908972921909,0.11045008432120085,
Interact,KernelSHAP,8,0.05676101101239861,0.6,0.816496580927726,0.7333333333333334,0.931737961638622,0.004349144527693232,0.44842827397776647,1.0997501619505419,0.11277501471340656,
Interact,KernelSHAP,9,0.09020455399024474,0.6,0.7793830999764657,0.8000000000000002,0.8805933944261095,0.03637970283983715,0.9894052555851752,1.0509537839479843,0.12037501437589526,
Interact,KernelSHAP,10,0.04467314559565643,0.6,0.7422696190252054,1.0,0.8970323029159895,0.011185498812352718,0.3661278386097083,1.0240964175557343,0.13574998592957854,
Interact,KernelSHAP,11,0.0926239027585137,1.0,0.816496580927726,1.0,0.5292408727936873,0.03303446333518592,0.7664468423095747,0.9601859417763134,0.1059501082636416,
Interact,PEXP-Sim,0,0.315233483244989,0.6,0.8090398349558905,0.7999999999999999,0.8330360747962423,0.0,0.24702757987419116,1.2474075891045857,27.11490000365302,
Interact,PEXP-Sim,1,1.6273176678561507,1.0,0.9438798074485389,0.7999999999999999,0.8413925346474814,0.0,0.8117987289636511,0.9954365532302157,26.758624997455627,
Interact,PEXP-Sim,2,0.23039078616166828,0.6,0.8989331499509895,0.6666666666666666,0.7835047928490887,0.0,0.0313794578062249,1.420878559178309,26.368124992586672,
Interact,PEXP-Sim,3,1.041253439608933,1.0,0.9438798074485389,0.7999999999999999,0.8361660149453065,0.0,0.1644030461905738,0.5539953711029069,26.743474998511374,
Interact,PEXP-Sim,4,0.2153399225231521,0.6,0.764093177458341,0.7999999999999999,0.7495009257477494,0.0,0.1998206960156502,0.9460537693675526,27.456200041342527,
Interact,PEXP-Sim,5,0.242800243965222,0.6,0.7191465199607916,0.8000000000000002,0.8210114196948776,0.0,0.22837633372696237,0.7450284597292085,28.37237494532019,
Interact,PEXP-Sim,6,0.45814805835540307,0.6,0.9438798074485389,0.8000000000000002,0.7490929681298375,0.0,0.2776804101230718,1.0273841081009012,26.99822501745075,
Interact,PEXP-Sim,7,0.2078725046036567,0.6,0.8989331499509895,0.7333333333333334,0.762690807466131,0.0,0.0430407607853132,1.2662323619007696,26.977025030646473,
Interact,PEXP-Sim,8,0.488166314463855,0.6,0.764093177458341,1.0,0.8124522592882402,0.0,0.21342394969410883,1.5502315234931334,26.50139993056655,
Interact,PEXP-Sim,9,1.275740378477176,0.6,0.8090398349558905,0.7999999999999999,0.830841603098573,0.0,0.4794917444145307,0.6182653631825035,26.49935003137216,
Interact,PEXP-Sim,10,0.362835844683821,0.6,0.7191465199607916,0.6666666666666666,0.8288939363628405,0.0,0.138138618670345,0.5203866687971713,27.653200027998537,
Interact,PEXP-Sim,11,0.4411063887012649,1.0,0.9438798074485389,1.0,0.8525314540149498,0.0,0.5637615945958921,0.9601859417763134,28.442799986805767,
Interact,RealExp-O,0,0.1919332264690645,0.6,0.7422696190252054,0.6666666666666666,0.6470517958773497,0.023762634349461954,0.346555351324336,0.9756933242624264,0.28564996318891644,
Interact,RealExp-O,1,0.22078765929452104,0.6,0.5938156952201643,0.6666666666666666,0.8726610211465966,0.00832891935681217,0.6926717765773872,1.0014312013975388,0.2121500438079238,
Interact,RealExp-O,2,0.05595571973141107,1.0,0.5567022142689041,0.5555555555555556,0.41633884423852097,0.05216280273104927,0.21941250320214217,1.1761440505748577,0.2963750157505274,
Interact,RealExp-O,3,0.2162530966774886,1.0,0.7793830999764657,1.0,0.587584592174032,0.009359743625755732,1.1309923156086363,0.5539953711029069,0.6050999509170651,
Interact,RealExp-O,4,0.06863207695314244,1.0,0.7051561380739453,1.0,0.6939560431311712,0.024658063160642712,0.3365987709508979,1.0077069212229441,0.3696750500239432,
Interact,RealExp-O,5,0.177813523294809,1.0,0.7051561380739453,0.7999999999999999,0.72131153726513,0.056240557888235905,0.3033265265277649,0.931164184782109,0.31160004436969757,
Interact,RealExp-O,6,0.08687852613716877,0.6,0.4824752523663835,0.6666666666666666,0.679302052601843,0.028317142565936614,0.30195980823490604,0.8706613642476675,0.28030003886669874,
Interact,RealExp-O,7,0.1615899891094821,0.6,0.5195887333176438,0.5333333333333333,0.5556851039278505,0.06367523116351621,0.17115793336478946,3.412197682625664,0.22779993014410138,
Interact,RealExp-O,8,0.15870563829363477,0.6,0.7051561380739453,1.0,0.6725241379422202,0.02270712200936557,0.4698437172876471,0.660692880033645,0.2142000012099743,
Interact,RealExp-O,9,0.22462398164603595,1.0,0.7422696190252054,0.7333333333333334,0.4878593888617614,0.04474662136152878,0.8833763816787352,1.0328044305906618,0.2094500814564526,
Interact,RealExp-O,10,0.09998191513415063,0.6,0.7422696190252054,0.5777777777777778,0.5229029642941047,0.012212887302810638,0.2670394190165994,1.2307620026924269,0.20919990492984653,
Interact,RealExp-O,11,0.20524567360397228,0.6,0.4453617714151233,0.6666666666666666,0.472013850171152,0.049184668941060015,0.6818027821717868,1.1412454456560774,0.20495004719123244,
Interact,HBS-Shapley,0,0.14459905414517857,0.6,0.4824752523663835,0.5777777777777778,0.9186880146934361,0.04184121870439785,0.3073126757226715,0.9756933242624264,0.5589000065810978,0.5416666666666666
Interact,HBS-Shapley,1,0.20570790812473314,1.0,0.7793830999764657,0.6,0.9505349306165971,0.03975143501210473,0.6506177578168609,0.9954365532302157,0.454774999525398,0.22916666666666663
Interact,HBS-Shapley,2,0.057250096222862694,0.6,0.668042657122685,0.6,0.49256783567609547,0.05332169119684428,0.21384738475673779,1.597022669935756,0.40782487485557795,0.7291666666666667
Interact,HBS-Shapley,3,0.19507508746274002,1.0,0.816496580927726,1.0,0.6962760056717394,0.018995213873026075,1.0057231759729957,0.5539953711029069,0.4154000780545175,0.7291666666666666
Interact,HBS-Shapley,4,0.051743540858176756,1.0,0.5195887333176438,0.46666666666666673,0.9199476995216056,0.04634932574246445,0.19208424859536768,1.0077069212229441,0.39867503801360726,0.47916666666666663
Interact,HBS-Shapley,5,0.035239354473906664,1.0,0.7422696190252054,1.0,0.6391741497069208,0.037382372467809094,0.19226458056194154,0.931164184782109,0.6597499595955014,0.6875000000000001
Interact,HBS-Shapley,6,0.07003591697854993,0.6,0.816496580927726,1.0,0.9246420552549264,0.041786146163891105,0.2311571245817189,1.0273841081009012,0.7289500208571553,0.2916666666666667
Interact,HBS-Shapley,7,0.06238392911784384,1.0,0.6309291761714246,1.0,0.9190109146344282,0.017609414305940003,0.21056789780736465,0.9747908972921909,0.7174000493250787,0.6041666666666667
Interact,HBS-Shapley,8,0.09964521573867695,0.6,0.816496580927726,1.0,0.8987581271786171,0.02083174293301738,0.3593473860552613,1.0997501619505419,0.6943999323993921,0.6458333333333334
Interact,HBS-Shapley,9,0.20346144375622213,1.0,0.816496580927726,0.6666666666666666,0.8460305782843633,0.04342087285266516,0.8071165989211229,1.0328044305906618,0.5328998668119311,0.5625
Interact,HBS-Shapley,10,0.07850890886018187,0.6,0.7793830999764657,1.0,0.856984937081448,0.0030192181372708684,0.2847912536014372,1.0240964175557343,0.4599000094458461,0.6874999999999999
Interact,HBS-Shapley,11,0.11851024610132184,1.0,0.816496580927726,1.0,0.551667024112912,0.007238422665484423,0.6381843438934816,0.9601859417763134,0.6384500302374363,0.8333333333333334
Interact,TIDE,0,0.09583933056593115,1.0,0.816496580927726,0.8000000000000002,0.7665980907252283,0.023408541326102112,0.45834273692241756,1.0430279580585973,13.80099996458739,
Interact,TIDE,1,0.3170407694723905,0.6,0.668042657122685,0.6666666666666666,0.8438374232388427,0.04923598207060589,0.9579927194181849,1.0014312013975388,12.245099991559982,
Interact,TIDE,2,0.05924851301890728,0.6,0.5195887333176438,0.7333333333333334,0.6189986149679028,0.1001221309562882,0.2004245094706047,1.597022669935756,12.567399942781776,
Interact,TIDE,3,0.34764107506081887,1.0,0.816496580927726,1.0,0.9190144590628985,0.019332193885692656,1.623676282600924,0.5539953711029069,12.535849935375154,
Interact,TIDE,4,0.06308191977695915,1.0,0.816496580927726,0.5111111111111112,0.7216909288382012,0.028589808857439766,0.33625543143022296,1.0077069212229441,12.883375049568713,
Interact,TIDE,5,0.11999393229354118,0.6,0.668042657122685,0.6666666666666666,0.920360043864335,0.08788353748539954,0.20250152251514952,0.729712810431793,11.89077494200319,
Interact,TIDE,6,0.08697926450957763,0.6,0.816496580927726,0.7999999999999999,0.8566829512541927,0.017374721093995404,0.3687671752850407,1.0273841081009012,12.447149958461523,
Interact,TIDE,7,0.048311290523865624,0.6,0.7422696190252054,0.6666666666666666,0.7877120434209242,0.02992104447850107,0.3100176330186327,1.4519274937804738,12.535324960481375,
Interact,TIDE,8,0.1247289990013525,0.6,0.7422696190252054,0.7999999999999999,0.8176105320011944,0.03248454426574226,0.4541485485790742,0.660692880033645,12.591300008352846,
Interact,TIDE,9,0.2372666932626118,0.6,0.668042657122685,1.0,0.9389099396507313,0.008455277560523708,1.3735054090914862,0.6182653631825035,12.527600047178566,
Interact,TIDE,10,0.08618229700539769,0.6,0.668042657122685,0.6666666666666666,0.8512729829750193,0.009332295937466917,0.4323648476912225,0.5203866687971713,13.047349988482893,
Interact,TIDE,11,0.3024918477378869,1.0,0.816496580927726,1.0,0.8761654812107583,0.011085399243183877,1.1058913516149727,0.9601859417763134,12.887474964372814,
Interact,OTBE,0,0.06393710867318671,1.0,0.7793830999764657,1.0,0.9724395876158561,0.030274602448087756,0.4084764241820491,1.0430279580585973,1.0470500565133989,0.45833333333333337
Interact,OTBE,1,0.14607970667895376,0.6,0.5195887333176438,1.0,0.9734495385915493,0.04390708157197642,0.6751864157684091,0.9929996321117818,1.247250009328127,0.3125
Interact,OTBE,2,0.07868936897200444,1.0,0.7422696190252054,1.0,0.576606871553785,0.033092861257066675,0.33492758080659957,1.1761440505748577,1.3238249230198562,0.5833333333333334
Interact,OTBE,3,0.22067732706142856,1.0,0.7793830999764657,1.0,0.726387915465278,0.03442699688878762,1.3096788546807439,0.5539953711029069,1.0829250095412135,0.5
Interact,OTBE,4,0.028281049100081685,1.0,0.5567022142689041,1.0,0.9623929277866734,0.029059608112185383,0.25672858095557327,1.0077069212229441,1.0795000125654042,0.4375
Interact,OTBE,5,0.07098763550691771,1.0,0.668042657122685,1.0,0.6303118307336391,0.03307952688987413,0.23465200502958783,0.931164184782109,0.9768250165507197,0.5
Interact,OTBE,6,0.04580802057241369,0.6,0.7793830999764657,1.0,0.9640042106138749,0.00967356648626557,0.2985447437814984,1.0273841081009012,1.0072750155813992,0.5208333333333334
Interact,OTBE,7,0.023408044630132314,1.0,0.816496580927726,1.0,0.9830760339048527,0.010054954239167985,0.2724139768222267,0.9747908972921909,0.9348000166937709,0.5416666666666666
Interact,OTBE,8,0.07778121912385647,0.6,0.816496580927726,1.0,0.9287587495513511,0.012320774847579905,0.4513867618592957,1.0997501619505419,1.4508750173263252,0.6041666666666666
Interact,OTBE,9,0.10635511179012301,1.0,0.7422696190252054,0.7999999999999999,0.8713145268938065,0.0188517974588337,1.082918265706109,1.0328044305906618,1.577800081577152,0.45833333333333337
Interact,OTBE,10,0.04536558996712098,0.6,0.7422696190252054,0.7333333333333334,0.9062921122024212,0.026194306635024877,0.36359402603337887,1.0240964175557343,1.0297749540768564,0.4583333333333333
Interact,OTBE,11,0.2153044846479263,1.0,0.5938156952201643,1.0,0.5393487287193535,0.030408205201838956,0.8373765549534384,0.9601859417763134,1.0231999913230538,0.5833333333333334
Interact,OTBE-noTransport,0,0.8034778776911088,0.3333333333333333,0.29690784761008215,0.32539682539682535,-0.35074146332588474,0.17563209715895461,0.0477606988840813,1.2720867783269656,1.1391001171432436,0.7083333333333333
Interact,OTBE-noTransport,1,0.8575824368957948,0.0,-0.29690784761008215,0.18253968253968253,-1.9345888254662966,0.22488801418663734,-0.16853867309243353,0.008431569285757359,1.2351750046946108,0.3125
Interact,OTBE-noTransport,2,0.27823087860398354,0.6,0.5938156952201643,0.30158730158730157,-0.003677206385608686,0.06487310755437728,0.13380657583258312,1.7589103614887016,1.190574956126511,0.6041666666666667
Interact,OTBE-noTransport,3,0.9619276108784408,0.14285714285714285,-0.07422696190252054,0.1952380952380952,-0.11682526699692758,0.11907569664043074,0.029807540744010347,2.5881260635159915,1.1855001212097704,0.6250000000000001
Interact,OTBE-noTransport,4,0.2701633411697494,0.14285714285714285,-0.14845392380504108,0.2825396825396825,-0.04804712690775929,0.09703534560168599,0.07412764090995565,0.21914681691975077,1.4098500250838697,0.4791666666666667
Interact,OTBE-noTransport,5,0.20382379480365598,0.6,0.408248290463863,0.18253968253968253,-0.25526580975534974,0.18039255873984592,0.0387129508784122,1.0223675236228014,1.235275063663721,0.7083333333333334
Interact,OTBE-noTransport,6,0.2954641124373744,0.14285714285714285,-0.03711348095126027,0.15079365079365079,-0.5082543364879427,0.17739606338019545,-0.007181089407679503,0.2907452585443512,1.2506749480962753,0.4375
Interact,OTBE-noTransport,7,0.2956075283614911,0.3333333333333333,0.11134044285378082,0.23809523809523805,0.003096941386578851,0.02083022780002444,0.07016352422528382,2.9145433818217557,1.4696750440634787,0.75
Interact,OTBE-noTransport,8,0.4330660809269221,0.6,0.4453617714151233,0.37777777777777777,-0.29094203808122865,0.12202786757559955,0.14940037468164385,1.0997501619505419,1.1478500091470778,0.6666666666666666
Interact,OTBE-noTransport,9,1.0033688168061083,0.14285714285714285,-0.07422696190252054,0.25079365079365074,-0.39727826467499927,0.21123367495297696,-0.07666888948754086,0.26391901642218996,1.304050034377724,0.22916666666666666
Interact,OTBE-noTransport,10,0.35646292460053686,0.3333333333333333,0.3340213285613425,0.5333333333333333,-0.1625893963197176,0.13893203331431928,0.11999230903049667,0.7511486852064254,1.1957749957218766,0.625
Interact,OTBE-noTransport,11,0.6113270036620553,0.3333333333333333,0.3340213285613425,0.34603174603174597,-0.20994981063836984,0.18764084292798322,0.08456110929999444,0.7364811653272486,1.0666250600479543,0.5208333333333334
Interact,OTBE-noOrthogonal,0,0.061209081177762595,1.0,0.5567022142689041,1.0,0.9753664306927246,0.016888029005088963,0.42462530509506696,1.0430279580585973,1.0483749792911112,0.4375
Interact,OTBE-noOrthogonal,1,0.12053269778401837,0.6,0.7422696190252054,0.7999999999999999,0.9824743868278912,0.032675116490143166,0.7254461378060217,0.9929996321117818,0.9517499129287899,0.16666666666666666
Interact,OTBE-noOrthogonal,2,0.08413610475657136,1.0,0.7422696190252054,0.8000000000000002,0.5560434861052749,0.04490968232009645,0.33360478896420176,1.1761440505748577,1.018050010316074,0.5833333333333334
Interact,OTBE-noOrthogonal,3,0.18088347294136153,1.0,0.816496580927726,1.0,0.7471903601850346,0.033485223538889254,1.2814479571027944,0.5539953711029069,0.9189999545924366,0.5416666666666667
Interact,OTBE-noOrthogonal,4,0.029679511188741865,1.0,0.5567022142689041,1.0,0.9645638233653222,0.027331962130401448,0.2625467739745612,1.0077069212229441,1.034350018016994,0.2916666666666667
Interact,OTBE-noOrthogonal,5,0.06763960441137612,1.0,0.7422696190252054,1.0,0.6380480988815405,0.006105348635059488,0.2557140022770814,0.931164184782109,0.9885499603115022,0.5625
Interact,OTBE-noOrthogonal,6,0.048963888457744575,0.6,0.7793830999764657,1.0,0.9544827018834119,0.009147325955425485,0.2975866416846545,1.0273841081009012,0.981150078587234,0.5416666666666667
Interact,OTBE-noOrthogonal,7,0.024150091984162004,1.0,0.816496580927726,1.0,0.9835700977622623,0.006426318548253285,0.27833349828671705,0.9747908972921909,1.1882250546477735,0.4375
Interact,OTBE-noOrthogonal,8,0.07028938105638588,0.6,0.816496580927726,1.0,0.9326041408372815,0.0075723071011322435,0.46328815147250113,1.0997501619505419,1.097649976145476,0.4791666666666667
Interact,OTBE-noOrthogonal,9,0.14211984416128332,0.6,0.668042657122685,0.6666666666666666,0.8740301912735853,0.03401006680034559,1.0900785364293393,0.6182653631825035,1.0163249098695815,0.375
Interact,OTBE-noOrthogonal,10,0.05516907037429461,1.0,0.7793830999764657,0.7333333333333334,0.9077883238782105,0.018470304528050412,0.3875302000455351,0.5954260488311666,1.0158249642699957,0.41666666666666663
Interact,OTBE-noOrthogonal,11,0.2491203553289357,1.0,0.5567022142689041,1.0,0.5224001211176141,0.032460329559891,0.8893326560272078,0.9601859417763134,1.0773250251077116,0.5416666666666666
Interact,OTBE-noBootstrap,0,0.05783635745271422,1.0,0.5567022142689041,1.0,0.9769100510032509,0.016948979899476507,0.42789650878928925,1.0430279580585973,0.39392494363710284,0.0
Interact,OTBE-noBootstrap,1,0.134476431522678,0.6,0.5195887333176438,1.0,0.9785104445427738,0.04656855659129786,0.6720223896544896,0.9929996321117818,0.34757505636662245,0.0
Interact,OTBE-noBootstrap,2,0.0819257415033675,1.0,0.7051561380739453,0.6666666666666666,0.5567810456489886,0.0236766817701,0.32928278543578654,1.1761440505748577,0.34775002859532833,0.0
Interact,OTBE-noBootstrap,3,0.18289000421459078,1.0,0.816496580927726,1.0,0.7455736040297536,0.04810284992061696,1.1986033144580417,0.5539953711029069,0.3528249799273908,0.0
Interact,OTBE-noBootstrap,4,0.0317356991454294,1.0,0.7422696190252054,1.0,0.966848061444485,0.030182393958420043,0.261353435282696,1.0077069212229441,0.3746750298887491,0.0
Interact,OTBE-noBootstrap,5,0.058061638794836445,1.0,0.7051561380739453,1.0,0.6264048035423715,0.027264250305035292,0.24877334853987226,0.931164184782109,0.4636750090867281,0.0
Interact,OTBE-noBootstrap,6,0.052645335576071046,0.6,0.7793830999764657,1.0,0.952968238069671,0.010088664061638131,0.28816167828069755,1.0273841081009012,0.4125499981455505,0.0
Interact,OTBE-noBootstrap,7,0.021857544097602707,1.0,0.816496580927726,1.0,0.9915924537791995,0.005025594629949077,0.28618722936418184,0.9747908972921909,0.4848750540986657,0.0
Interact,OTBE-noBootstrap,8,0.06112064942306081,1.0,0.816496580927726,0.7999999999999999,0.9284236443456113,0.005105948802825725,0.46405078035378206,0.9763642775719492,0.4840749897994101,0.0
Interact,OTBE-noBootstrap,9,0.10541352140144358,1.0,0.7422696190252054,0.6666666666666666,0.8642751214964274,0.02768152427793306,1.0874200993700334,1.0328044305906618,0.351875030901283,0.0
Interact,OTBE-noBootstrap,10,0.06289418897085461,1.0,0.7793830999764657,0.7999999999999999,0.8963588852556336,0.010081607515990859,0.4121281345991638,0.5954260488311666,0.3418748965486884,0.0
Interact,OTBE-noBootstrap,11,0.13280097724599235,1.0,0.7422696190252054,1.0,0.6038594769018852,0.017246750790633716,0.8144881358315375,0.9601859417763134,0.3460499574430287,0.0
GroupNonlin,LIME-R,0,0.3087528240092465,0.6,0.5938156952201643,0.7999999999999999,0.9024990323559524,0.006564057977316855,0.45816051888363374,0.9181117630890664,0.18347508739680052,
GroupNonlin,LIME-R,1,0.208228493039893,0.6,0.7051561380739453,0.5111111111111112,0.8739480139510165,0.011682258850296513,0.29578150044699164,1.0926459827457407,0.29990001348778605,
GroupNonlin,LIME-R,2,0.20544527493700976,0.6,0.668042657122685,0.8000000000000002,0.841213527659089,0.017626252458106124,0.3215009997444279,0.892357204258356,0.1806249492801726,
GroupNonlin,LIME-R,3,0.2266934760168347,0.6,0.6309291761714246,0.7333333333333334,0.9007377090646536,0.015359154428142284,0.25084096728727046,0.9100345348242114,0.17954997019842267,
GroupNonlin,LIME-R,4,0.22105489717145743,0.14285714285714285,0.11134044285378082,0.5777777777777778,0.8847945927634887,0.0759696456771215,0.08543100562763743,1.0527712868617312,0.18842500867322087,
GroupNonlin,LIME-R,5,0.20570224911894452,0.3333333333333333,0.668042657122685,0.7999999999999999,0.7181830789559088,0.11936467731795505,0.2509879029368391,0.999913841680716,0.21860009292140603,
GroupNonlin,LIME-R,6,0.1640413198196756,0.6,0.7793830999764657,0.6,0.8693662002653281,0.030844789867981066,0.3045400748426417,1.307239567381879,0.179349968675524,
GroupNonlin,LIME-R,7,0.17331336340932557,1.0,0.5938156952201643,0.6222222222222222,0.8570174349760147,0.021896189277063216,0.37745179471006973,1.001017647963517,0.19400002202019095,
GroupNonlin,LIME-R,8,0.1972582793542888,0.6,0.4824752523663835,1.0,0.8655594991540878,0.027551788886671164,0.25239445181476283,0.568643150704588,0.18102495232596993,
GroupNonlin,LIME-R,9,0.2204595517724291,0.6,0.5938156952201643,0.6666666666666666,0.8941901711715177,0.007716435973072869,0.4078611147430945,0.7899119173469858,0.17830001888796687,
GroupNonlin,LIME-R,10,0.20050293626478136,0.6,0.7793830999764657,0.7999999999999999,0.8824776268873609,0.010701508304414444,0.42504400416540555,0.834422735653938,0.172075058799237,
GroupNonlin,LIME-R,11,0.21594431304947276,0.3333333333333333,0.5938156952201643,0.5111111111111112,0.8945992538707255,0.013828264324281702,0.24271938431957832,1.0898063230256652,0.17027498688548803,
GroupNonlin,KernelSHAP,0,0.3057485037479298,0.6,0.5938156952201643,0.4222222222222223,0.7151251232440456,0.06657136517156195,0.38520476019415195,0.9181117630890664,0.10747503256425261,
GroupNonlin,KernelSHAP,1,0.22002376288745973,0.6,0.4824752523663835,0.6222222222222223,0.9692125125430947,0.019209420401154868,0.303676757800105,1.0926459827457407,0.10404997738078237,
GroupNonlin,KernelSHAP,2,0.24107023796755045,0.6,0.6309291761714246,0.6666666666666666,0.5869765474063143,0.013591851786371173,0.3425674972014956,0.892357204258356,0.13020000187680125,
GroupNonlin,KernelSHAP,3,0.2749950812196365,0.6,0.6309291761714246,1.0,0.9634347851655063,0.0064941234439457275,0.3353275679050783,0.9100345348242114,0.13239990221336484,
GroupNonlin,KernelSHAP,4,0.23180668805639654,0.6,0.5938156952201643,0.7999999999999999,0.9959527788053475,0.014823756891701328,0.14443635636689617,0.9997817208579209,0.11004996486008167,
GroupNonlin,KernelSHAP,5,0.22826105400438687,0.6,0.668042657122685,0.4222222222222222,0.5683237304758473,0.03157813404890819,0.3810691849991177,1.3819688147237168,0.13555004261434078,
GroupNonlin,KernelSHAP,6,0.18876715222443818,0.6,0.7793830999764657,0.6,0.8619339322331395,0.023547875879907892,0.30297036846494424,1.307239567381879,0.10669993935152888,
GroupNonlin,KernelSHAP,7,0.25484790879292946,0.6,0.7051561380739453,0.7333333333333334,0.5135116845909078,0.08581929479315728,0.3317065918783907,0.8557328050712544,0.10657496750354767,
GroupNonlin,KernelSHAP,8,0.3016200227988096,0.3333333333333333,0.22268088570756164,0.6,0.45776619028582954,0.013686538971813118,0.2667771963554031,0.9499746809115682,0.10407494846731424,
GroupNonlin,KernelSHAP,9,0.21347988513505609,0.6,0.7422696190252054,0.6,0.9302469724162153,0.02145818462233589,0.4542883157409976,0.9794489011153183,0.10227499296888709,
GroupNonlin,KernelSHAP,10,0.24374749724081318,0.6,0.4824752523663835,0.6,0.6946028047730574,0.03701538989174914,0.3870737084174053,0.9906172328331249,0.09834993397817016,
GroupNonlin,KernelSHAP,11,0.24042542516580043,0.6,0.668042657122685,0.7999999999999999,0.9850239576248193,0.005780317241206111,0.2860994202474903,1.0203055307972217,0.10407500667497516,
GroupNonlin,PEXP-Sim,0,0.23155037138838372,0.6,0.9438798074485389,0.7333333333333334,0.8380910851658607,0.0,0.4121613141576638,1.2330877317758897,26.46482491400093,
GroupNonlin,PEXP-Sim,1,0.3485745139255427,0.6,0.7191465199607916,0.7333333333333334,0.8911951483780713,0.0,0.319176479833385,1.0697952692647286,26.930399995762855,
GroupNonlin,PEXP-Sim,2,0.21747729551315373,0.6,0.8989331499509895,0.7333333333333334,0.8635890264108995,0.0,0.2031653933847945,1.5231138395627601,28.869275003671646,
GroupNonlin,PEXP-Sim,3,0.1725965646657553,1.0,0.9438798074485389,0.7333333333333334,0.8698961113971692,0.0,0.18418207768914702,1.5711433575024667,26.69132500886917,
GroupNonlin,PEXP-Sim,4,0.2153637912150543,0.6,0.7191465199607916,0.7999999999999999,0.8868088148847095,0.0,0.1368178589022475,1.0318133469128794,27.15725003508851,
GroupNonlin,PEXP-Sim,5,0.616155430767886,0.6,0.6292532049656925,0.8000000000000002,0.839666248244917,0.0,0.4012000504480044,0.2962187388357948,26.85357496375218,
GroupNonlin,PEXP-Sim,6,0.2851082474433468,0.6,0.8539864924534399,0.7999999999999999,0.8015994043187868,0.0,0.30101317999647687,1.1522883446972427,27.49890007544309,
GroupNonlin,PEXP-Sim,7,0.6542212187264325,0.6,0.7191465199607916,0.7999999999999999,0.8195290449213322,0.0,0.4562890986840098,0.386757464380581,27.852524945046753,
GroupNonlin,PEXP-Sim,8,0.2413391091535324,0.6,0.6292532049656925,0.7999999999999999,0.8785824661794543,0.0,0.06617012569548826,0.2716949477943282,26.063775061629713,
GroupNonlin,PEXP-Sim,9,0.49346957660588703,1.0,0.9438798074485389,0.7333333333333334,0.8220179883148243,0.0,0.11027673962001097,0.8845066314248771,27.310024888720363,
GroupNonlin,PEXP-Sim,10,0.7705190320196357,1.0,0.8989331499509895,0.7333333333333334,0.8019207087524896,0.0,0.42831121845846437,0.7828957928385438,27.481400116812438,
GroupNonlin,PEXP-Sim,11,0.2978681429546015,0.6,0.7191465199607916,0.8000000000000002,0.88141056218596,0.0,0.21221140231419913,1.0203055307972217,27.815124893095344,
GroupNonlin,RealExp-O,0,0.31005106018987283,0.6,0.6309291761714246,0.6,0.9017313043728037,0.017629615790768542,0.46879012482634186,0.9181117630890664,0.23729994427412748,
GroupNonlin,RealExp-O,1,0.2151917653335936,0.6,0.5938156952201643,0.6,0.8919381946098335,0.013986844348207782,0.28705338454164,1.0926459827457407,0.21519995061680675,
GroupNonlin,RealExp-O,2,0.19475524522071128,0.6,0.5938156952201643,0.4666666666666666,0.8502366079063338,0.06018902094065207,0.26729018496050044,0.892357204258356,0.20230014342814684,
GroupNonlin,RealExp-O,3,0.21248283283586797,0.6,0.6309291761714246,0.6666666666666666,0.837704126336488,0.009547726945381523,0.23306785982625625,0.9100345348242114,0.21309993462637067,
GroupNonlin,RealExp-O,4,0.2201349017897285,0.3333333333333333,0.3340213285613425,0.5111111111111111,0.8719009958221804,0.06134306908998141,0.09402483332640116,1.0281921856802716,0.2130499924533069,
GroupNonlin,RealExp-O,5,0.15671231897926668,0.6,0.7793830999764657,0.7999999999999999,0.7259565982223755,0.061483827466446775,0.3838541390664051,1.3819688147237168,0.21160003961995244,
GroupNonlin,RealExp-O,6,0.1573900146011226,0.6,0.7793830999764657,0.6666666666666666,0.9052149281258142,0.021639570944515022,0.32739326674456604,1.307239567381879,0.23527501616626978,
GroupNonlin,RealExp-O,7,0.16159529974677597,1.0,0.5567022142689041,0.7999999999999999,0.8474638409186566,0.06028297273162789,0.3260009917109666,1.001017647963517,0.23770000552758574,
GroupNonlin,RealExp-O,8,0.19072456065671736,0.6,0.5195887333176438,0.7999999999999999,0.8791495515915162,0.03416220084269048,0.24482650169368964,0.568643150704588,0.20922493422403932,
GroupNonlin,RealExp-O,9,0.19778764823104475,1.0,0.816496580927726,0.7999999999999999,0.9129908446025785,0.01294195450791962,0.43986507750870507,0.8845066314248771,0.21637504687532783,
GroupNonlin,RealExp-O,10,0.1895562219976247,0.6,0.7793830999764657,0.7333333333333334,0.8688203983760954,0.017894677850791088,0.44770733593474,0.834422735653938,0.3113749553449452,
GroupNonlin,RealExp-O,11,0.207859086168551,0.6,0.4824752523663835,0.4666666666666666,0.8993830295670412,0.00525900685465829,0.2438090491140849,1.1934370127483596,0.24275004398077726,
GroupNonlin,HBS-Shapley,0,0.29128795881278224,1.0,0.668042657122685,0.46666666666666673,0.7334159573566765,0.010782908012360351,0.37493630500953107,1.3314431791816508,0.4434000002220273,0.39583333333333337
GroupNonlin,HBS-Shapley,1,0.21745840586047405,0.3333333333333333,0.5567022142689041,0.6666666666666666,0.9274945800772507,0.02212894323037261,0.2597659679371877,1.0010443883060376,0.4155749920755625,0.35416666666666663
GroupNonlin,HBS-Shapley,2,0.21470213064063798,0.6,0.5567022142689041,1.0,0.632931225430593,0.016113183586808383,0.2894271753823557,1.5231138395627601,0.4174249479547143,0.5416666666666667
GroupNonlin,HBS-Shapley,3,0.24001283944610913,0.6,0.6309291761714246,0.7333333333333334,0.9046235651615804,0.009178562185534986,0.27007765690465996,0.9100345348242114,0.4643250140361488,0.4791666666666667
GroupNonlin,HBS-Shapley,4,0.2211233506419417,0.14285714285714285,-0.03711348095126027,0.6,0.9275012111937903,0.054246023881885846,0.09551449277641867,1.0527712868617312,0.5120999994687736,0.25
GroupNonlin,HBS-Shapley,5,0.21565739615269092,0.6,0.7422696190252054,0.6666666666666666,0.562231866627303,0.05141477401081384,0.2925593080885213,1.3819688147237168,0.43017498683184385,0.6249999999999999
GroupNonlin,HBS-Shapley,6,0.2047422323614424,0.6,0.5195887333176438,0.6666666666666666,0.819300368186401,0.04072279605376915,0.24720640872891325,1.307239567381879,0.6013000383973122,0.5208333333333334
GroupNonlin,HBS-Shapley,7,0.2540882131400155,0.6,0.4824752523663835,0.6,0.5306500853907151,0.06227746776904269,0.305608708078406,0.8547151529044396,0.4166250000707805,0.4583333333333333
GroupNonlin,HBS-Shapley,8,0.2521217613118997,0.6,0.2597943666588219,1.0,0.48222042503575335,0.018334820469486438,0.2109157864444356,0.568643150704588,0.45092497020959854,0.49999999999999994
GroupNonlin,HBS-Shapley,9,0.2496754338200963,0.6,0.5195887333176438,0.6,0.882662505868162,0.023435591167711416,0.340400337378392,0.9794489011153183,0.512049940880388,0.4375
GroupNonlin,HBS-Shapley,10,0.24810089278209166,0.6,0.7051561380739453,0.6,0.6386094454135726,0.056491717957451164,0.31600384616578864,0.834422735653938,0.4964499385096133,0.35416666666666663
GroupNonlin,HBS-Shapley,11,0.22694875341249648,0.6,0.7051561380739453,1.0,0.9321565798093949,0.028968004083549333,0.21554570538148432,1.0695007831896055,0.4709249478764832,0.33333333333333337
GroupNonlin,TIDE,0,0.34797836734791054,0.6,0.5938156952201643,0.5555555555555556,0.8887536334051469,0.03920546762538389,0.3987675722074334,0.9181117630890664,13.58972501475364,
GroupNonlin,TIDE,1,0.22855092303774288,0.6,0.668042657122685,0.5111111111111112,0.8826191037442579,0.02318642353127925,0.29730617356618444,1.0697952692647286,12.990299961529672,
GroupNonlin,TIDE,2,0.30883619613401336,0.6,0.6309291761714246,1.0,0.8416181709238559,0.0059743430844386835,0.4507149623727371,0.892357204258356,12.290025071706623,
GroupNonlin,TIDE,3,0.26985946781696374,0.6,0.5938156952201643,0.7333333333333334,0.9507286038928408,0.04901437821719434,0.2784564975423892,0.9100345348242114,13.76377505948767,
GroupNonlin,TIDE,4,0.22748249947206087,0.14285714285714285,0.18556740475630135,0.7333333333333334,0.9091134337887109,0.16601034924558997,0.0563584017312177,1.0527712868617312,12.534175009932369,
GroupNonlin,TIDE,5,0.3586524429834294,0.3333333333333333,0.5567022142689041,0.6222222222222222,0.7688613179844528,0.15082373905259253,0.11523877982768167,0.6747861113982367,12.575325032230467,
GroupNonlin,TIDE,6,0.21990008429448532,0.6,0.7422696190252054,0.46666666666666673,0.7876792259999682,0.030259364998125617,0.2158720581583007,1.307239567381879,13.406774960458279,
GroupNonlin,TIDE,7,0.3699252861855692,1.0,0.5567022142689041,1.0,0.7987052661954802,0.050943039764186134,0.34830044131990856,1.001017647963517,13.593450014013797,
GroupNonlin,TIDE,8,0.22761793482325693,0.6,0.4453617714151233,0.6666666666666666,0.9152514548764784,0.06757568836563348,0.2039412940143558,0.568643150704588,12.376075028441846,
GroupNonlin,TIDE,9,0.21355999695501626,1.0,0.816496580927726,0.7999999999999999,0.9316198358795624,0.01464760515627875,0.4389469207394672,0.8845066314248771,13.874749944079667,
GroupNonlin,TIDE,10,0.2668397121489112,0.6,0.6309291761714246,0.7333333333333334,0.8501483293268486,0.07635591279488282,0.31243132546956576,0.4915726439753449,13.904524967074394,
GroupNonlin,TIDE,11,0.2174448478506836,0.3333333333333333,0.3711348095126027,0.5111111111111111,0.9376751654010669,0.024417855377495235,0.24462490812296217,1.0904073192743857,17.99552491866052,
GroupNonlin,OTBE,0,0.2919018700649009,0.6,0.5938156952201643,0.7999999999999999,0.7442865322615924,0.019000017046762966,0.4335429372588748,0.9181117630890664,1.0478749172762036,0.4791666666666667
GroupNonlin,OTBE,1,0.20219781772672776,0.6,0.7051561380739453,0.7999999999999999,0.9597466675082796,0.007560404246109041,0.3221732324840037,1.0926459827457407,1.0367499780841172,0.3958333333333333
GroupNonlin,OTBE,2,0.21595177429068738,0.6,0.5938156952201643,1.0,0.5865169572467259,0.020768385505784113,0.3369470821767532,0.892357204258356,1.0478500043973327,0.3958333333333333
GroupNonlin,OTBE,3,0.27078609814205384,0.6,0.6309291761714246,1.0,0.9591080654782762,0.005698727517244183,0.3260007059269336,0.9100345348242114,1.0428250534459949,0.47916666666666674
GroupNonlin,OTBE,4,0.22933827051348826,0.6,0.5195887333176438,0.5333333333333333,0.9836398023531348,0.014459508272270908,0.13642809423135716,0.9997817208579209,1.1829749564640224,0.43750000000000006
GroupNonlin,OTBE,5,0.26987650416101006,0.6,0.6309291761714246,1.0,0.33474769593034853,0.04470124004686736,0.32697466751491966,0.2962187388357948,1.0859750327654183,0.7083333333333334
GroupNonlin,OTBE,6,0.17695831008768154,0.6,0.7793830999764657,1.0,0.8304308904164481,0.010470319447894496,0.2942423493440264,1.307239567381879,0.960024946834892,0.5208333333333334
GroupNonlin,OTBE,7,0.2660404029085053,0.6,0.4453617714151233,0.6,0.37941429955886696,0.07680698080322466,0.2688983933892072,0.8557328050712544,1.089200028218329,0.375
GroupNonlin,OTBE,8,0.24684712602404713,0.6,0.5195887333176438,1.0,0.4711734391534766,0.053216817196130244,0.2905618573299329,0.568643150704588,1.040724921040237,0.375
GroupNonlin,OTBE,9,0.2175249402483498,0.6,0.3340213285613425,0.6,0.9176423288031199,0.026662278352510824,0.387199748317713,0.9794489011153183,1.0777499992400408,0.22916666666666666
GroupNonlin,OTBE,10,0.18994373688151153,1.0,0.7422696190252054,0.7999999999999999,0.6614402393719635,0.07873709662597354,0.3489992110189353,0.7828957928385438,1.0564749827608466,0.39583333333333337
GroupNonlin,OTBE,11,0.23312427591245818,0.6,0.7051561380739453,1.0,0.9766166401733901,0.007463746567716248,0.27379412723157637,1.0695007831896055,1.0977000347338617,0.3958333333333333
GroupNonlin,OTBE-noTransport,0,0.27394196440352847,0.6,0.6309291761714246,0.6,-0.18012820505703042,0.12569564359180982,0.14032844542703948,0.3740219161862381,1.1519999825395644,0.4791666666666667
GroupNonlin,OTBE-noTransport,1,0.27629569296350465,1.0,0.408248290463863,0.5333333333333333,-0.15039529027191129,0.1213206904982427,0.1262268614605761,0.9443707140564692,1.1645500198937953,0.5625
GroupNonlin,OTBE-noTransport,2,0.24790772329855953,0.3333333333333333,0.5567022142689041,0.4222222222222223,-0.05554236221289105,0.0943644788217464,0.13324917839549694,0.8497688449206923,1.3092500157654285,0.6875
GroupNonlin,OTBE-noTransport,3,0.19608574269895082,0.3333333333333333,0.29690784761008215,0.37142857142857144,-0.05293763038412423,0.09821358090637025,0.08801256185527481,0.9399062856195303,1.1031999601982534,0.6875
GroupNonlin,OTBE-noTransport,4,0.16081395434753737,1.0,0.5195887333176438,0.4222222222222222,-0.02904141821370039,0.09688829497776813,0.08758187262516239,0.7386589892828722,1.1548500624485314,0.6666666666666666
GroupNonlin,OTBE-noTransport,5,0.35735637761939737,0.3333333333333333,0.408248290463863,0.4222222222222222,-1.5242059203592586,0.14142453375529618,0.09790520945050979,0.13038409326234068,1.252999936696142,0.3541666666666667
GroupNonlin,OTBE-noTransport,6,0.2650154810772379,1.0,0.4453617714151233,0.6222222222222222,-0.02057462816083107,0.1067659224529733,0.11581390258791982,0.9527242529547068,1.241800026036799,0.4166666666666667
GroupNonlin,OTBE-noTransport,7,0.33170102606727225,0.14285714285714285,0.2597943666588219,0.4444444444444444,-1.2099310802697412,0.15980015791511318,0.04205670113313789,0.15704642187966558,1.145375077612698,0.24999999999999997
GroupNonlin,OTBE-noTransport,8,0.1953051937150437,0.3333333333333333,0.3340213285613425,0.32539682539682535,-0.16980058676922366,0.15192974952362473,0.05344352433547851,1.4938086399152504,1.238949946127832,0.7083333333333334
GroupNonlin,OTBE-noTransport,9,0.42500121915403594,0.6,0.6309291761714246,0.3904761904761904,-0.08413745786979132,0.11866624100536514,0.09348262057041459,0.7899119173469858,1.1878000223077834,0.4375
GroupNonlin,OTBE-noTransport,10,0.3128820340099124,0.3333333333333333,0.11134044285378082,0.3142857142857143,-1.3106569756063364,0.1379213351041948,0.06110506269029972,0.7521352855506137,1.0578249930404127,0.18749999999999997
GroupNonlin,OTBE-noTransport,11,0.250668840969839,0.6,0.3711348095126027,0.4222222222222222,-0.0996823761703152,0.08565227343049676,0.11536551046081228,0.15566688094738476,1.399849948938936,0.7291666666666666
GroupNonlin,OTBE-noOrthogonal,0,0.28337801632514364,0.6,0.6309291761714246,1.0,0.7101253252451489,0.021731297436381993,0.4436955998771793,0.9181117630890664,1.023925084155053,0.5208333333333334
GroupNonlin,OTBE-noOrthogonal,1,0.19603604183474022,1.0,0.7422696190252054,0.7999999999999999,0.9606991744306631,0.004709757349607595,0.32928622539550584,0.9443707140564692,1.0052500874735415,0.5208333333333334
GroupNonlin,OTBE-noOrthogonal,2,0.20269515615245115,0.6,0.6309291761714246,1.0,0.5366929035688016,0.044810448928374456,0.28852978789506156,0.892357204258356,1.1489249882288277,0.41666666666666663
GroupNonlin,OTBE-noOrthogonal,3,0.26367975094574697,0.6,0.6309291761714246,1.0,0.9565736058988198,0.005811971162648705,0.32110142919247187,0.9100345348242114,0.9486249764449894,0.43750000000000006
GroupNonlin,OTBE-noOrthogonal,4,0.229554254064053,0.6,0.5938156952201643,0.4666666666666666,0.9897771017069981,0.017226387382143757,0.13755502141942144,0.9997817208579209,1.0426499648019671,0.1875
GroupNonlin,OTBE-noOrthogonal,5,0.2525654085528724,0.6,0.668042657122685,1.0,0.33939920734980483,0.044915408080710297,0.32784656627731656,0.2962187388357948,1.2039499706588686,0.6875
GroupNonlin,OTBE-noOrthogonal,6,0.1764902588548535,0.6,0.7793830999764657,1.0,0.8082513124131172,0.0166701347063053,0.2885891353603138,1.307239567381879,0.9610250126570463,0.5833333333333334
GroupNonlin,OTBE-noOrthogonal,7,0.2610783641256567,1.0,0.7051561380739453,0.6666666666666666,0.345624201998942,0.07577891694303433,0.29578994994250024,1.001017647963517,0.9177500032819808,0.4791666666666667
GroupNonlin,OTBE-noOrthogonal,8,0.25156939620342544,0.6,0.5195887333176438,0.8000000000000002,0.4955305075341732,0.050328935908421385,0.28388729006155283,0.568643150704588,1.2263500248081982,0.375
GroupNonlin,OTBE-noOrthogonal,9,0.21455475325881687,0.6,0.5567022142689041,0.6,0.9222040711356378,0.02450870522868654,0.3944854854688758,0.7899119173469858,0.9708499419502914,0.1875
GroupNonlin,OTBE-noOrthogonal,10,0.20874307041304577,1.0,0.7051561380739453,0.6666666666666666,0.6948194033058515,0.0746460845190046,0.33624533305983817,0.7828957928385438,0.9615499875508249,0.22916666666666666
GroupNonlin,OTBE-noOrthogonal,11,0.23189558778306324,0.6,0.7051561380739453,0.8000000000000002,0.979651565980465,0.00404608033174973,0.27911191263685886,1.0695007831896055,0.9327250299975276,0.5
GroupNonlin,OTBE-noBootstrap,0,0.2965331615434037,0.6,0.4453617714151233,0.6666666666666666,0.7217446347855575,0.04262138481762395,0.4358895347564583,0.9181117630890664,0.4831499536521733,0.0
GroupNonlin,OTBE-noBootstrap,1,0.20372766743367268,0.6,0.668042657122685,0.7999999999999999,0.9651584641711037,0.005381799566586794,0.3223213643261532,1.0926459827457407,0.35829999251291156,0.0
GroupNonlin,OTBE-noBootstrap,2,0.19811864170538826,0.6,0.6309291761714246,0.6222222222222223,0.5409459884795844,0.012794927004841514,0.31016247568896543,0.892357204258356,0.35432499134913087,0.0
GroupNonlin,OTBE-noBootstrap,3,0.2673865270197467,0.6,0.6309291761714246,1.0,0.9530526861318205,0.004160278016354458,0.30940164773828244,0.9100345348242114,0.34914998104795814,0.0
GroupNonlin,OTBE-noBootstrap,4,0.23047256628469065,0.6,0.408248290463863,0.5111111111111112,0.9840400144288399,0.02087909909642394,0.13345911627470766,0.9997817208579209,0.3486000350676477,0.0
GroupNonlin,OTBE-noBootstrap,5,0.26640731232429476,0.6,0.6309291761714246,0.7333333333333334,0.34616855020405424,0.09329654248677396,0.25729556802056774,0.2962187388357948,0.33522502053529024,0.0
GroupNonlin,OTBE-noBootstrap,6,0.17776245047587702,0.6,0.7051561380739453,0.7999999999999999,0.8473862182193548,0.015036587718115392,0.29357802394266036,1.307239567381879,0.3545999643392861,0.0
GroupNonlin,OTBE-noBootstrap,7,0.2689351731043855,0.6,0.7051561380739453,0.7999999999999999,0.445367904081978,0.06775320384055811,0.31468686622074526,0.8557328050712544,0.3702749381773174,0.0
GroupNonlin,OTBE-noBootstrap,8,0.23426897835240934,0.6,0.5567022142689041,0.8000000000000002,0.4220829171778794,0.07256101165895805,0.2849998960162439,0.568643150704588,0.48684998182579875,0.0
GroupNonlin,OTBE-noBootstrap,9,0.22607744025940057,0.6,0.7793830999764657,0.6,0.9117232879203501,0.021814509321269698,0.38955187698808535,0.7899119173469858,0.3725999849848449,0.0
GroupNonlin,OTBE-noBootstrap,10,0.16920585172819208,1.0,0.7793830999764657,0.6666666666666666,0.7012098378810137,0.045111901806663274,0.43608703379816033,0.7828957928385438,0.36385003477334976,0.0
GroupNonlin,OTBE-noBootstrap,11,0.23409664721259335,0.6,0.7051561380739453,0.7999999999999999,0.977236908333027,0.010230918056502523,0.26798213486551736,1.0695007831896055,0.36444998113438487,0.0
